task,candidate_id,candidate_hash,scale,run_idx,runtime_s,energy_kwh,co2_kg,correct,exception,worker_ok
09_bfs,09_bfs_cand000,383c26c8120af89d00457ce13784da0867c3ee8df008b4a807e10dc783ff748e,10000,0,0.0075490837916731834,1.0794798533121747e-07,1.0431007649898529e-07,True,,True
09_bfs,09_bfs_cand000,383c26c8120af89d00457ce13784da0867c3ee8df008b4a807e10dc783ff748e,10000,1,0.006986792199313641,9.484854009416369e-08,9.293759669760863e-08,True,,True
09_bfs,09_bfs_cand000,383c26c8120af89d00457ce13784da0867c3ee8df008b4a807e10dc783ff748e,10000,2,0.009626207873225212,1.294238699807061e-07,1.269154927780231e-07,True,,True
09_bfs,09_bfs_cand000,383c26c8120af89d00457ce13784da0867c3ee8df008b4a807e10dc783ff748e,10000,3,0.00958804227411747,1.29651857746972e-07,1.271402104561528e-07,True,,True
09_bfs,09_bfs_cand000,383c26c8120af89d00457ce13784da0867c3ee8df008b4a807e10dc783ff748e,10000,4,0.008626666851341724,1.1965980132420858e-07,1.1641654530912636e-07,True,,True
09_bfs,09_bfs_cand000,383c26c8120af89d00457ce13784da0867c3ee8df008b4a807e10dc783ff748e,100000,0,0.04841750022023916,5.809860097037422e-07,5.900583580146233e-07,True,,True
09_bfs,09_bfs_cand000,383c26c8120af89d00457ce13784da0867c3ee8df008b4a807e10dc783ff748e,100000,1,0.05615145806223154,6.747931241989136e-07,6.855857304781676e-07,True,,True
09_bfs,09_bfs_cand000,383c26c8120af89d00457ce13784da0867c3ee8df008b4a807e10dc783ff748e,100000,2,0.054361749440431595,6.50558869043986e-07,6.608449178636073e-07,True,,True
09_bfs,09_bfs_cand000,383c26c8120af89d00457ce13784da0867c3ee8df008b4a807e10dc783ff748e,100000,3,0.05436120741069317,6.502971053123474e-07,6.605401442155243e-07,True,,True
09_bfs,09_bfs_cand000,383c26c8120af89d00457ce13784da0867c3ee8df008b4a807e10dc783ff748e,100000,4,0.0494961254298687,5.937814712524415e-07,6.028416103601455e-07,True,,True
09_bfs,09_bfs_cand000,383c26c8120af89d00457ce13784da0867c3ee8df008b4a807e10dc783ff748e,1000000,0,0.32550512440502644,3.759903874662188e-06,3.733185948189597e-06,True,,True
09_bfs,09_bfs_cand000,383c26c8120af89d00457ce13784da0867c3ee8df008b4a807e10dc783ff748e,1000000,1,0.31898679211735725,3.5942327645089894e-06,3.5641752452755966e-06,True,,True
09_bfs,09_bfs_cand000,383c26c8120af89d00457ce13784da0867c3ee8df008b4a807e10dc783ff748e,1000000,2,0.33146416675299406,3.742157419522604e-06,3.715167380860448e-06,True,,True
09_bfs,09_bfs_cand000,383c26c8120af89d00457ce13784da0867c3ee8df008b4a807e10dc783ff748e,1000000,3,0.3288175417110324,3.7100027004877733e-06,3.6833503621131178e-06,True,,True
09_bfs,09_bfs_cand000,383c26c8120af89d00457ce13784da0867c3ee8df008b4a807e10dc783ff748e,1000000,4,0.3230492081493139,3.82039099931717e-06,3.7948356688454747e-06,True,,True
09_bfs,09_bfs_cand001,a1d4aa1e897507a52988fb5fe99d059a65c3b97934d1651432b1d0027ee4896f,10000,0,0.035460082814097404,4.2954583962758384e-07,4.3531498539745806e-07,True,,True
09_bfs,09_bfs_cand001,a1d4aa1e897507a52988fb5fe99d059a65c3b97934d1651432b1d0027ee4896f,10000,1,0.03507404029369354,4.2432745297749837e-07,4.300886236250401e-07,True,,True
09_bfs,09_bfs_cand001,a1d4aa1e897507a52988fb5fe99d059a65c3b97934d1651432b1d0027ee4896f,10000,2,0.03803195804357529,4.5937846104303997e-07,4.661561675086617e-07,True,,True
09_bfs,09_bfs_cand001,a1d4aa1e897507a52988fb5fe99d059a65c3b97934d1651432b1d0027ee4896f,10000,3,0.03534958325326443,4.2769379085964624e-07,4.336908887306849e-07,True,,True
09_bfs,09_bfs_cand001,a1d4aa1e897507a52988fb5fe99d059a65c3b97934d1651432b1d0027ee4896f,10000,4,0.035661209374666214,4.3244494332207577e-07,4.386099889715513e-07,True,,True
09_bfs,09_bfs_cand001,a1d4aa1e897507a52988fb5fe99d059a65c3b97934d1651432b1d0027ee4896f,100000,0,0.14253779221326113,1.6890234417385527e-06,1.6727078180233638e-06,True,,True
09_bfs,09_bfs_cand001,a1d4aa1e897507a52988fb5fe99d059a65c3b97934d1651432b1d0027ee4896f,100000,1,0.15193579252809286,1.800197031762865e-06,1.785757020981113e-06,True,,True
09_bfs,09_bfs_cand001,a1d4aa1e897507a52988fb5fe99d059a65c3b97934d1651432b1d0027ee4896f,100000,2,0.15444758255034685,1.7392989661958485e-06,1.7240049643288056e-06,True,,True
09_bfs,09_bfs_cand001,a1d4aa1e897507a52988fb5fe99d059a65c3b97934d1651432b1d0027ee4896f,100000,3,0.15233212523162365,1.715498169263204e-06,1.6997241090744736e-06,True,,True
09_bfs,09_bfs_cand001,a1d4aa1e897507a52988fb5fe99d059a65c3b97934d1651432b1d0027ee4896f,100000,4,0.1549596656113863,1.7470421062575448e-06,1.7317706311101716e-06,True,,True
09_bfs,09_bfs_cand001,a1d4aa1e897507a52988fb5fe99d059a65c3b97934d1651432b1d0027ee4896f,1000000,0,1.2381237503141165,1.5939120120472377e-05,1.580679173512558e-05,True,,True
09_bfs,09_bfs_cand001,a1d4aa1e897507a52988fb5fe99d059a65c3b97934d1651432b1d0027ee4896f,1000000,1,1.2491006255149841,1.5929150581359864e-05,1.5797519472670556e-05,True,,True
09_bfs,09_bfs_cand001,a1d4aa1e897507a52988fb5fe99d059a65c3b97934d1651432b1d0027ee4896f,1000000,2,1.2420324999839067,1.4310119383864933e-05,7.019886255917977e-08,True,,True
09_bfs,09_bfs_cand001,a1d4aa1e897507a52988fb5fe99d059a65c3b97934d1651432b1d0027ee4896f,1000000,3,1.2359811253845692,1.4193741480509443e-05,1.4125828359127044e-05,True,,True
09_bfs,09_bfs_cand001,a1d4aa1e897507a52988fb5fe99d059a65c3b97934d1651432b1d0027ee4896f,1000000,4,1.239318374544382,1.4279276298152077e-05,1.412993867539118e-05,True,,True
09_bfs,09_bfs_cand002,7f05271c0e54a5308e8986cd7e41a3d1253baaecf4063d365a733565e959d868,10000,0,0.009623457677662373,1.2955615917841594e-07,1.2697879911214113e-07,True,,True
09_bfs,09_bfs_cand002,7f05271c0e54a5308e8986cd7e41a3d1253baaecf4063d365a733565e959d868,10000,1,0.008357249200344086,1.1485798491372004e-07,1.1249243999173245e-07,True,,True
09_bfs,09_bfs_cand002,7f05271c0e54a5308e8986cd7e41a3d1253baaecf4063d365a733565e959d868,10000,2,0.006666459143161774,8.706318007575142e-08,8.632156977454822e-08,True,,True
09_bfs,09_bfs_cand002,7f05271c0e54a5308e8986cd7e41a3d1253baaecf4063d365a733565e959d868,10000,3,0.004479624330997467,6.155388222800362e-08,6.002589337776104e-08,True,,True
09_bfs,09_bfs_cand002,7f05271c0e54a5308e8986cd7e41a3d1253baaecf4063d365a733565e959d868,10000,4,0.005403291434049606,7.896820704142252e-08,7.776534236669539e-08,True,,True
09_bfs,09_bfs_cand002,7f05271c0e54a5308e8986cd7e41a3d1253baaecf4063d365a733565e959d868,100000,0,0.06287837494164705,7.521907488505046e-07,7.645132155060768e-07,True,,True
09_bfs,09_bfs_cand002,7f05271c0e54a5308e8986cd7e41a3d1253baaecf4063d365a733565e959d868,100000,1,0.050721791572868824,6.08231955104404e-07,6.177342709590992e-07,True,,True
09_bfs,09_bfs_cand002,7f05271c0e54a5308e8986cd7e41a3d1253baaecf4063d365a733565e959d868,100000,2,0.05966520868241787,7.147923111915589e-07,7.262756984606385e-07,True,,True
09_bfs,09_bfs_cand002,7f05271c0e54a5308e8986cd7e41a3d1253baaecf4063d365a733565e959d868,100000,3,0.051597874611616135,6.165211399396261e-07,6.264108200177551e-07,True,,True
09_bfs,09_bfs_cand002,7f05271c0e54a5308e8986cd7e41a3d1253baaecf4063d365a733565e959d868,100000,4,0.054849542677402496,6.58890273835924e-07,6.69360641894738e-07,True,,True
09_bfs,09_bfs_cand002,7f05271c0e54a5308e8986cd7e41a3d1253baaecf4063d365a733565e959d868,1000000,0,0.34241445921361446,3.871888087855445e-06,3.848456181382637e-06,True,,True
09_bfs,09_bfs_cand002,7f05271c0e54a5308e8986cd7e41a3d1253baaecf4063d365a733565e959d868,1000000,1,0.3496207082644105,3.9848940240012274e-06,3.962446137065689e-06,True,,True
09_bfs,09_bfs_cand002,7f05271c0e54a5308e8986cd7e41a3d1253baaecf4063d365a733565e959d868,1000000,2,0.35073833260685205,4.058615697754754e-06,4.037329591285189e-06,True,,True
09_bfs,09_bfs_cand002,7f05271c0e54a5308e8986cd7e41a3d1253baaecf4063d365a733565e959d868,1000000,3,0.34912037570029497,4.037083519829644e-06,4.015159697230657e-06,True,,True
09_bfs,09_bfs_cand002,7f05271c0e54a5308e8986cd7e41a3d1253baaecf4063d365a733565e959d868,1000000,4,0.33713195845484734,3.900687727663252e-06,3.875626657823226e-06,True,,True
09_bfs,09_bfs_cand003,4473c907c2e2ddd950bc659b1fe8a59ad90ce7246d2c18ddd647ec6d3793ad27,10000,0,0.6285471245646477,7.3349575201670325e-06,7.384825319761037e-06,True,,True
09_bfs,09_bfs_cand003,4473c907c2e2ddd950bc659b1fe8a59ad90ce7246d2c18ddd647ec6d3793ad27,10000,1,0.6255748746916652,7.298234601815542e-06,7.385424646134675e-06,True,,True
09_bfs,09_bfs_cand003,4473c907c2e2ddd950bc659b1fe8a59ad90ce7246d2c18ddd647ec6d3793ad27,10000,2,0.6256108339875937,7.300610178046757e-06,7.340313835999866e-06,True,,True
09_bfs,09_bfs_cand003,4473c907c2e2ddd950bc659b1fe8a59ad90ce7246d2c18ddd647ec6d3793ad27,10000,3,0.6250235000625253,7.29355663061142e-06,7.332946626733244e-06,True,,True
09_bfs,09_bfs_cand003,4473c907c2e2ddd950bc659b1fe8a59ad90ce7246d2c18ddd647ec6d3793ad27,10000,4,0.6271513337269425,7.31851425435808e-06,7.359968638331692e-06,True,,True
09_bfs,09_bfs_cand003,4473c907c2e2ddd950bc659b1fe8a59ad90ce7246d2c18ddd647ec6d3793ad27,100000,0,58.38564612530172,0.0006791750293638964,0.0006826857361330981,True,,True
09_bfs,09_bfs_cand003,4473c907c2e2ddd950bc659b1fe8a59ad90ce7246d2c18ddd647ec6d3793ad27,100000,1,58.55400808248669,0.0006802128409345952,0.000685890788172819,True,,True
09_bfs,09_bfs_cand003,4473c907c2e2ddd950bc659b1fe8a59ad90ce7246d2c18ddd647ec6d3793ad27,100000,2,58.35667083412409,0.0006821651874317062,0.0006885165130942464,True,,True
09_bfs,09_bfs_cand003,4473c907c2e2ddd950bc659b1fe8a59ad90ce7246d2c18ddd647ec6d3793ad27,100000,3,58.37670191656798,0.0006843431179722147,0.0006928436119876489,True,,True
09_bfs,09_bfs_cand003,4473c907c2e2ddd950bc659b1fe8a59ad90ce7246d2c18ddd647ec6d3793ad27,100000,4,58.4550949158147,0.0006816611571444399,0.0006854421474972468,True,,True
09_bfs,09_bfs_cand003,4473c907c2e2ddd950bc659b1fe8a59ad90ce7246d2c18ddd647ec6d3793ad27,1000000,0,,,,False,"timeout: Command '['/Users/icelab/Research/Y\ufeffi_josemi_Agent4Sci/energy-llm-study/.venv/bin/python', 'phase3_worker.py', '--candidate', 'filtered_candidates-codellama:70b-instruct-v5/09_bfs/candidate_11.py', '--task', 'bfs', '--scale', '1000000', '--run_idx', '0', '--seed', '1003000', '--out_json', 'outputs/phase3/raw_runs/09_bfs_09_bfs_cand003_scale1000000_run0.json', '--measure_interval', '0.1']' timed out after 600 seconds",False
09_bfs,09_bfs_cand003,4473c907c2e2ddd950bc659b1fe8a59ad90ce7246d2c18ddd647ec6d3793ad27,1000000,1,,,,False,"timeout: Command '['/Users/icelab/Research/Y\ufeffi_josemi_Agent4Sci/energy-llm-study/.venv/bin/python', 'phase3_worker.py', '--candidate', 'filtered_candidates-codellama:70b-instruct-v5/09_bfs/candidate_11.py', '--task', 'bfs', '--scale', '1000000', '--run_idx', '1', '--seed', '1003001', '--out_json', 'outputs/phase3/raw_runs/09_bfs_09_bfs_cand003_scale1000000_run1.json', '--measure_interval', '0.1']' timed out after 600 seconds",False
09_bfs,09_bfs_cand003,4473c907c2e2ddd950bc659b1fe8a59ad90ce7246d2c18ddd647ec6d3793ad27,1000000,2,,,,False,"timeout: Command '['/Users/icelab/Research/Y\ufeffi_josemi_Agent4Sci/energy-llm-study/.venv/bin/python', 'phase3_worker.py', '--candidate', 'filtered_candidates-codellama:70b-instruct-v5/09_bfs/candidate_11.py', '--task', 'bfs', '--scale', '1000000', '--run_idx', '2', '--seed', '1003002', '--out_json', 'outputs/phase3/raw_runs/09_bfs_09_bfs_cand003_scale1000000_run2.json', '--measure_interval', '0.1']' timed out after 600 seconds",False
09_bfs,09_bfs_cand003,4473c907c2e2ddd950bc659b1fe8a59ad90ce7246d2c18ddd647ec6d3793ad27,1000000,3,,,,False,"timeout: Command '['/Users/icelab/Research/Y\ufeffi_josemi_Agent4Sci/energy-llm-study/.venv/bin/python', 'phase3_worker.py', '--candidate', 'filtered_candidates-codellama:70b-instruct-v5/09_bfs/candidate_11.py', '--task', 'bfs', '--scale', '1000000', '--run_idx', '3', '--seed', '1003003', '--out_json', 'outputs/phase3/raw_runs/09_bfs_09_bfs_cand003_scale1000000_run3.json', '--measure_interval', '0.1']' timed out after 600 seconds",False
09_bfs,09_bfs_cand003,4473c907c2e2ddd950bc659b1fe8a59ad90ce7246d2c18ddd647ec6d3793ad27,1000000,4,,,,False,"timeout: Command '['/Users/icelab/Research/Y\ufeffi_josemi_Agent4Sci/energy-llm-study/.venv/bin/python', 'phase3_worker.py', '--candidate', 'filtered_candidates-codellama:70b-instruct-v5/09_bfs/candidate_11.py', '--task', 'bfs', '--scale', '1000000', '--run_idx', '4', '--seed', '1003004', '--out_json', 'outputs/phase3/raw_runs/09_bfs_09_bfs_cand003_scale1000000_run4.json', '--measure_interval', '0.1']' timed out after 600 seconds",False
09_bfs,09_bfs_cand004,955d0b5ca8f88bec75b46a5280ed07bf017c270467e7ed26d4af1e5e7ef27982,10000,0,0.007514959201216698,1.0475334193971424e-07,1.0224125085423392e-07,True,,True
09_bfs,09_bfs_cand004,955d0b5ca8f88bec75b46a5280ed07bf017c270467e7ed26d4af1e5e7ef27982,10000,1,0.009770957753062248,1.3074676195780438e-07,1.2830766165852547e-07,True,,True
09_bfs,09_bfs_cand004,955d0b5ca8f88bec75b46a5280ed07bf017c270467e7ed26d4af1e5e7ef27982,10000,2,0.007076209411025047,1.0070304075876871e-07,9.636447394192218e-08,True,,True
09_bfs,09_bfs_cand004,955d0b5ca8f88bec75b46a5280ed07bf017c270467e7ed26d4af1e5e7ef27982,10000,3,0.009154874831438065,1.239127582973904e-07,1.216098990480105e-07,True,,True
09_bfs,09_bfs_cand004,955d0b5ca8f88bec75b46a5280ed07bf017c270467e7ed26d4af1e5e7ef27982,10000,4,0.00874854065477848,1.1807796027925281e-07,1.1567781822929781e-07,True,,True
09_bfs,09_bfs_cand004,955d0b5ca8f88bec75b46a5280ed07bf017c270467e7ed26d4af1e5e7ef27982,100000,0,0.057150292210280895,6.878644227981568e-07,6.984142718106509e-07,True,,True
09_bfs,09_bfs_cand004,955d0b5ca8f88bec75b46a5280ed07bf017c270467e7ed26d4af1e5e7ef27982,100000,1,0.05633837450295687,6.764340731832716e-07,6.870859875952204e-07,True,,True
09_bfs,09_bfs_cand004,955d0b5ca8f88bec75b46a5280ed07bf017c270467e7ed26d4af1e5e7ef27982,100000,2,0.054287875071167946,6.493513782819112e-07,6.595323137149214e-07,True,,True
09_bfs,09_bfs_cand004,955d0b5ca8f88bec75b46a5280ed07bf017c270467e7ed26d4af1e5e7ef27982,100000,3,0.06119474954903126,7.347173160976834e-07,7.466055253783862e-07,True,,True
09_bfs,09_bfs_cand004,955d0b5ca8f88bec75b46a5280ed07bf017c270467e7ed26d4af1e5e7ef27982,100000,4,0.05442608334124088,6.527768241034614e-07,6.630868019501369e-07,True,,True
09_bfs,09_bfs_cand004,955d0b5ca8f88bec75b46a5280ed07bf017c270467e7ed26d4af1e5e7ef27982,1000000,0,0.33894358295947313,3.941863444116381e-06,3.918402422935764e-06,True,,True
09_bfs,09_bfs_cand004,955d0b5ca8f88bec75b46a5280ed07bf017c270467e7ed26d4af1e5e7ef27982,1000000,1,0.35891583375632763,4.067642324500614e-06,4.045511701235672e-06,True,,True
09_bfs,09_bfs_cand004,955d0b5ca8f88bec75b46a5280ed07bf017c270467e7ed26d4af1e5e7ef27982,1000000,2,0.3445517085492611,4.0734489758809415e-06,4.052370447337627e-06,True,,True
09_bfs,09_bfs_cand004,955d0b5ca8f88bec75b46a5280ed07bf017c270467e7ed26d4af1e5e7ef27982,1000000,3,0.35444879066199064,4.012849264674717e-06,3.989615662722786e-06,True,,True
09_bfs,09_bfs_cand004,955d0b5ca8f88bec75b46a5280ed07bf017c270467e7ed26d4af1e5e7ef27982,1000000,4,0.3438934590667486,4.0666403041945565e-06,4.047061541711788e-06,True,,True
09_bfs,09_bfs_cand005,7ea20b44f42814b85c616f0dd5b8b36f7518a4743b3269cea23782b8994d2438,10000,0,0.005122457630932331,7.390181223551432e-08,7.058540575504303e-08,True,,True
09_bfs,09_bfs_cand005,7ea20b44f42814b85c616f0dd5b8b36f7518a4743b3269cea23782b8994d2438,10000,1,0.009001416154205799,1.250555117925008e-07,1.214934914559126e-07,True,,True
09_bfs,09_bfs_cand005,7ea20b44f42814b85c616f0dd5b8b36f7518a4743b3269cea23782b8994d2438,10000,2,0.0067594582214951515,9.214364820056492e-08,9.047486145248016e-08,True,,True
09_bfs,09_bfs_cand005,7ea20b44f42814b85c616f0dd5b8b36f7518a4743b3269cea23782b8994d2438,10000,3,0.007699416019022465,1.0318275954988268e-07,1.0186540614018837e-07,True,,True
09_bfs,09_bfs_cand005,7ea20b44f42814b85c616f0dd5b8b36f7518a4743b3269cea23782b8994d2438,10000,4,0.010666834190487862,1.424219873216417e-07,1.4003304059902827e-07,True,,True
09_bfs,09_bfs_cand005,7ea20b44f42814b85c616f0dd5b8b36f7518a4743b3269cea23782b8994d2438,100000,0,0.05862475000321865,7.027962141566808e-07,7.140438371544083e-07,True,,True
09_bfs,09_bfs_cand005,7ea20b44f42814b85c616f0dd5b8b36f7518a4743b3269cea23782b8994d2438,100000,1,0.05844275001436472,7.017463445663453e-07,7.127579817146064e-07,True,,True
09_bfs,09_bfs_cand005,7ea20b44f42814b85c616f0dd5b8b36f7518a4743b3269cea23782b8994d2438,100000,2,0.049516791477799416,5.940347909927368e-07,6.033340211302042e-07,True,,True
09_bfs,09_bfs_cand005,7ea20b44f42814b85c616f0dd5b8b36f7518a4743b3269cea23782b8994d2438,100000,3,0.04741750005632639,5.659585197766622e-07,5.749169566079974e-07,True,,True
09_bfs,09_bfs_cand005,7ea20b44f42814b85c616f0dd5b8b36f7518a4743b3269cea23782b8994d2438,100000,4,0.049400417134165764,5.916479561063979e-07,6.01031096743544e-07,True,,True
09_bfs,09_bfs_cand005,7ea20b44f42814b85c616f0dd5b8b36f7518a4743b3269cea23782b8994d2438,1000000,0,0.33875824976712465,3.8404257761107555e-06,3.814136415251593e-06,True,,True
09_bfs,09_bfs_cand005,7ea20b44f42814b85c616f0dd5b8b36f7518a4743b3269cea23782b8994d2438,1000000,1,0.3407491249963641,3.6720582180553013e-06,3.6447420078133545e-06,True,,True
09_bfs,09_bfs_cand005,7ea20b44f42814b85c616f0dd5b8b36f7518a4743b3269cea23782b8994d2438,1000000,2,0.3754262076690793,5.676225490040249e-06,5.683455341077844e-06,True,,True
09_bfs,09_bfs_cand005,7ea20b44f42814b85c616f0dd5b8b36f7518a4743b3269cea23782b8994d2438,1000000,3,0.3456462500616908,3.7321766217549645e-06,3.704821810615063e-06,True,,True
09_bfs,09_bfs_cand005,7ea20b44f42814b85c616f0dd5b8b36f7518a4743b3269cea23782b8994d2438,1000000,4,0.3467666255310178,4.011669920550452e-06,1.9825248457037872e-08,True,,True
09_bfs,09_bfs_cand006,e039c4898682f6233624b38712727f2df4b2f8cfe609ec79d0c896ab3a5f64cd,10000,0,0.006042582914233208,8.483678102493287e-08,4.083361606267667e-10,True,,True
09_bfs,09_bfs_cand006,e039c4898682f6233624b38712727f2df4b2f8cfe609ec79d0c896ab3a5f64cd,10000,1,0.008563792333006859,1.1889421277576024e-07,1.1536865513076386e-07,True,,True
09_bfs,09_bfs_cand006,e039c4898682f6233624b38712727f2df4b2f8cfe609ec79d0c896ab3a5f64cd,10000,2,0.008620250038802624,1.1618932088216147e-07,1.1435415329933167e-07,True,,True
09_bfs,09_bfs_cand006,e039c4898682f6233624b38712727f2df4b2f8cfe609ec79d0c896ab3a5f64cd,10000,3,0.009052499197423458,1.2432651387320624e-07,1.2099402904162805e-07,True,,True
09_bfs,09_bfs_cand006,e039c4898682f6233624b38712727f2df4b2f8cfe609ec79d0c896ab3a5f64cd,10000,4,0.010185332968831062,1.354359918170505e-07,1.33052610056599e-07,True,,True
09_bfs,09_bfs_cand006,e039c4898682f6233624b38712727f2df4b2f8cfe609ec79d0c896ab3a5f64cd,100000,0,0.04778595920652151,5.737607677777609e-07,5.825739963755012e-07,True,,True
09_bfs,09_bfs_cand006,e039c4898682f6233624b38712727f2df4b2f8cfe609ec79d0c896ab3a5f64cd,100000,1,0.0542602501809597,6.497904658317566e-07,6.597759044453502e-07,True,,True
09_bfs,09_bfs_cand006,e039c4898682f6233624b38712727f2df4b2f8cfe609ec79d0c896ab3a5f64cd,100000,2,0.052841958589851856,6.32483098242018e-07,6.422732322384914e-07,True,,True
09_bfs,09_bfs_cand006,e039c4898682f6233624b38712727f2df4b2f8cfe609ec79d0c896ab3a5f64cd,100000,3,0.05371779203414917,6.451631585756938e-07,6.550468975171447e-07,True,,True
09_bfs,09_bfs_cand006,e039c4898682f6233624b38712727f2df4b2f8cfe609ec79d0c896ab3a5f64cd,100000,4,0.057830916717648506,6.931869520081415e-07,7.041696653639276e-07,True,,True
09_bfs,09_bfs_cand006,e039c4898682f6233624b38712727f2df4b2f8cfe609ec79d0c896ab3a5f64cd,1000000,0,0.31549366749823093,3.463255200121138e-06,3.4315189217781027e-06,True,,True
09_bfs,09_bfs_cand006,e039c4898682f6233624b38712727f2df4b2f8cfe609ec79d0c896ab3a5f64cd,1000000,1,0.3333082078024745,3.852967917919159e-06,3.829233969692886e-06,True,,True
09_bfs,09_bfs_cand006,e039c4898682f6233624b38712727f2df4b2f8cfe609ec79d0c896ab3a5f64cd,1000000,2,0.33518395852297544,3.963964184125265e-06,3.940126367840171e-06,True,,True
09_bfs,09_bfs_cand006,e039c4898682f6233624b38712727f2df4b2f8cfe609ec79d0c896ab3a5f64cd,1000000,3,0.3290873747318983,3.5354907313982645e-06,3.5033438956633217e-06,True,,True
09_bfs,09_bfs_cand006,e039c4898682f6233624b38712727f2df4b2f8cfe609ec79d0c896ab3a5f64cd,1000000,4,0.32780037447810173,3.6974155240588725e-06,3.669019265936812e-06,True,,True
09_bfs,09_bfs_cand007,194d14da87f39166fe690c56caaa0f07c243b89e35e7cda937f09bb14406648c,10000,0,0.006101666949689388,8.601331048541599e-08,8.331821903636058e-08,True,,True
09_bfs,09_bfs_cand007,194d14da87f39166fe690c56caaa0f07c243b89e35e7cda937f09bb14406648c,10000,1,0.006069582886993885,8.480019039577909e-08,8.238019189039866e-08,True,,True
09_bfs,09_bfs_cand007,194d14da87f39166fe690c56caaa0f07c243b89e35e7cda937f09bb14406648c,10000,2,0.004957833327353001,6.88860813776652e-08,6.693620363771915e-08,True,,True
09_bfs,09_bfs_cand007,194d14da87f39166fe690c56caaa0f07c243b89e35e7cda937f09bb14406648c,10000,3,0.008528999984264374,1.1574178934097291e-07,1.136364543810487e-07,True,,True
09_bfs,09_bfs_cand007,194d14da87f39166fe690c56caaa0f07c243b89e35e7cda937f09bb14406648c,10000,4,0.0056024156510829926,7.856571012073094e-08,7.605299714555343e-08,True,,True
09_bfs,09_bfs_cand007,194d14da87f39166fe690c56caaa0f07c243b89e35e7cda937f09bb14406648c,100000,0,0.05875291582196951,7.038123077816434e-07,3.552331272725776e-09,True,,True
09_bfs,09_bfs_cand007,194d14da87f39166fe690c56caaa0f07c243b89e35e7cda937f09bb14406648c,100000,1,0.05594816617667675,6.708835562070211e-07,6.814299033775926e-07,True,,True
09_bfs,09_bfs_cand007,194d14da87f39166fe690c56caaa0f07c243b89e35e7cda937f09bb14406648c,100000,2,0.055446124635636806,6.663885381486681e-07,3.3626852178681367e-09,True,,True
09_bfs,09_bfs_cand007,194d14da87f39166fe690c56caaa0f07c243b89e35e7cda937f09bb14406648c,100000,3,0.059331792406737804,7.07398189438714e-07,7.186892226745685e-07,True,,True
09_bfs,09_bfs_cand007,194d14da87f39166fe690c56caaa0f07c243b89e35e7cda937f09bb14406648c,100000,4,0.05206279084086418,6.247765488094754e-07,6.346300422171751e-07,True,,True
09_bfs,09_bfs_cand007,194d14da87f39166fe690c56caaa0f07c243b89e35e7cda937f09bb14406648c,1000000,0,0.32417441718280315,3.6555699176258517e-06,3.6749894414807366e-06,True,,True
09_bfs,09_bfs_cand007,194d14da87f39166fe690c56caaa0f07c243b89e35e7cda937f09bb14406648c,1000000,1,0.33615925069898367,3.7984647684627115e-06,3.773761140758296e-06,True,,True
09_bfs,09_bfs_cand007,194d14da87f39166fe690c56caaa0f07c243b89e35e7cda937f09bb14406648c,1000000,2,0.34288529213517904,3.7894888056649105e-06,3.7619674797167386e-06,True,,True
09_bfs,09_bfs_cand007,194d14da87f39166fe690c56caaa0f07c243b89e35e7cda937f09bb14406648c,1000000,3,0.3400626676157117,3.66483297612932e-06,3.636013260741035e-06,True,,True
09_bfs,09_bfs_cand007,194d14da87f39166fe690c56caaa0f07c243b89e35e7cda937f09bb14406648c,1000000,4,0.32214479241520166,3.6325994465086196e-06,3.651638373248776e-06,True,,True
09_bfs,09_bfs_cand008,b7a2d8f5391bb59180fd71cda82ad6cde2058428ee2913b3a579ec4913ea4420,10000,0,0.006505750119686127,9.487105740441217e-08,9.141799113651118e-08,True,,True
09_bfs,09_bfs_cand008,b7a2d8f5391bb59180fd71cda82ad6cde2058428ee2913b3a579ec4913ea4420,10000,1,0.009343291632831097,1.2726220819685194e-07,1.2508238220711548e-07,True,,True
09_bfs,09_bfs_cand008,b7a2d8f5391bb59180fd71cda82ad6cde2058428ee2913b3a579ec4913ea4420,10000,2,0.008216500282287598,1.1115107271406387e-07,1.0914249697824319e-07,True,,True
09_bfs,09_bfs_cand008,b7a2d8f5391bb59180fd71cda82ad6cde2058428ee2913b3a579ec4913ea4420,10000,3,0.008949791081249714,1.166171497768826e-07,5.73873498702938e-10,True,,True
09_bfs,09_bfs_cand008,b7a2d8f5391bb59180fd71cda82ad6cde2058428ee2913b3a579ec4913ea4420,10000,4,0.009714500047266483,1.306032141049703e-07,1.2800317324548958e-07,True,,True
09_bfs,09_bfs_cand008,b7a2d8f5391bb59180fd71cda82ad6cde2058428ee2913b3a579ec4913ea4420,100000,0,0.05506387539207935,6.596333450741239e-07,6.701573984603087e-07,True,,True
09_bfs,09_bfs_cand008,b7a2d8f5391bb59180fd71cda82ad6cde2058428ee2913b3a579ec4913ea4420,100000,1,0.05569558311253786,6.676860981517369e-07,3.370084834168317e-09,True,,True
09_bfs,09_bfs_cand008,b7a2d8f5391bb59180fd71cda82ad6cde2058428ee2913b3a579ec4913ea4420,100000,2,0.05553158279508352,6.660564078225031e-07,6.766113484909137e-07,True,,True
09_bfs,09_bfs_cand008,b7a2d8f5391bb59180fd71cda82ad6cde2058428ee2913b3a579ec4913ea4420,100000,3,0.05046829208731651,6.069935030407376e-07,6.164783493528764e-07,True,,True
09_bfs,09_bfs_cand008,b7a2d8f5391bb59180fd71cda82ad6cde2058428ee2913b3a579ec4913ea4420,100000,4,0.053696791641414165,6.446537044313219e-07,6.548472171376148e-07,True,,True
09_bfs,09_bfs_cand008,b7a2d8f5391bb59180fd71cda82ad6cde2058428ee2913b3a579ec4913ea4420,1000000,0,0.32360274996608496,3.825710713863373e-06,3.8009669863447555e-06,True,,True
09_bfs,09_bfs_cand008,b7a2d8f5391bb59180fd71cda82ad6cde2058428ee2913b3a579ec4913ea4420,1000000,1,0.33777370769530535,3.7265050742361284e-06,3.6990682552432022e-06,True,,True
09_bfs,09_bfs_cand008,b7a2d8f5391bb59180fd71cda82ad6cde2058428ee2913b3a579ec4913ea4420,1000000,2,0.332070792093873,3.7483834558063087e-06,3.721028073685368e-06,True,,True
09_bfs,09_bfs_cand008,b7a2d8f5391bb59180fd71cda82ad6cde2058428ee2913b3a579ec4913ea4420,1000000,3,0.3259828332811594,3.5871764024098715e-06,3.5562438252389433e-06,True,,True
09_bfs,09_bfs_cand008,b7a2d8f5391bb59180fd71cda82ad6cde2058428ee2913b3a579ec4913ea4420,1000000,4,0.34969291649758816,3.867818084028032e-06,3.843187604823212e-06,True,,True
09_bfs,09_bfs_cand009,c16d2755cc026ccd195690c91637971b2eb55f3f41457856565064cb5f191c84,10000,0,0.00788208283483982,1.096874475479126e-07,1.0709729830324651e-07,True,,True
09_bfs,09_bfs_cand009,c16d2755cc026ccd195690c91637971b2eb55f3f41457856565064cb5f191c84,10000,1,0.007276374846696854,9.884817732705011e-08,9.67668613617619e-08,True,,True
09_bfs,09_bfs_cand009,c16d2755cc026ccd195690c91637971b2eb55f3f41457856565064cb5f191c84,10000,2,0.005122041329741478,7.002039088143244e-08,6.821835102190574e-08,True,,True
09_bfs,09_bfs_cand009,c16d2755cc026ccd195690c91637971b2eb55f3f41457856565064cb5f191c84,10000,3,0.009224167093634605,1.2247165044148764e-07,1.208959240317345e-07,True,,True
09_bfs,09_bfs_cand009,c16d2755cc026ccd195690c91637971b2eb55f3f41457856565064cb5f191c84,10000,4,0.006320083513855934,8.965267075432671e-08,8.647610378464064e-08,True,,True
09_bfs,09_bfs_cand009,c16d2755cc026ccd195690c91637971b2eb55f3f41457856565064cb5f191c84,100000,0,0.051874457858502865,6.21717009279463e-07,6.315260035072764e-07,True,,True
09_bfs,09_bfs_cand009,c16d2755cc026ccd195690c91637971b2eb55f3f41457856565064cb5f191c84,100000,1,0.049714624881744385,5.987915727827284e-07,6.079530857940515e-07,True,,True
09_bfs,09_bfs_cand009,c16d2755cc026ccd195690c91637971b2eb55f3f41457856565064cb5f191c84,100000,2,0.0590932909399271,7.102353705300226e-07,7.214662710954746e-07,True,,True
09_bfs,09_bfs_cand009,c16d2755cc026ccd195690c91637971b2eb55f3f41457856565064cb5f191c84,100000,3,0.05829124990850687,6.986642877260845e-07,7.097633464917541e-07,True,,True
09_bfs,09_bfs_cand009,c16d2755cc026ccd195690c91637971b2eb55f3f41457856565064cb5f191c84,100000,4,0.06002129055559635,7.19622274239858e-07,3.631017404340131e-09,True,,True
09_bfs,09_bfs_cand009,c16d2755cc026ccd195690c91637971b2eb55f3f41457856565064cb5f191c84,1000000,0,0.3336857920512557,3.857355978753832e-06,3.8323211478422085e-06,True,,True
09_bfs,09_bfs_cand009,c16d2755cc026ccd195690c91637971b2eb55f3f41457856565064cb5f191c84,1000000,1,0.3408025000244379,3.968228399753571e-06,3.944132446540893e-06,True,,True
09_bfs,09_bfs_cand009,c16d2755cc026ccd195690c91637971b2eb55f3f41457856565064cb5f191c84,1000000,2,0.3422835832461715,3.958816164069706e-06,3.935726252767941e-06,True,,True
09_bfs,09_bfs_cand009,c16d2755cc026ccd195690c91637971b2eb55f3f41457856565064cb5f191c84,1000000,3,0.34474091697484255,3.89789558119244e-06,3.873733711277942e-06,True,,True
09_bfs,09_bfs_cand009,c16d2755cc026ccd195690c91637971b2eb55f3f41457856565064cb5f191c84,1000000,4,0.33903820905834436,3.919728928142124e-06,3.895524417029818e-06,True,,True
09_bfs,09_bfs_cand010,8a33bea991f336d017983ba84a81d3fbb89d2dcaf636171676b357351b99e16d,10000,0,0.008897666819393635,1.2068996826807658e-07,1.1833950491994619e-07,True,,True
09_bfs,09_bfs_cand010,8a33bea991f336d017983ba84a81d3fbb89d2dcaf636171676b357351b99e16d,10000,1,0.010472625494003296,1.3983531130684748e-07,1.3764665326823792e-07,True,,True
09_bfs,09_bfs_cand010,8a33bea991f336d017983ba84a81d3fbb89d2dcaf636171676b357351b99e16d,10000,2,0.005924125202000141,8.605271577835084e-08,8.325340729504825e-08,True,,True
09_bfs,09_bfs_cand010,8a33bea991f336d017983ba84a81d3fbb89d2dcaf636171676b357351b99e16d,10000,3,0.006357790902256966,8.803423908021716e-08,8.598304331252973e-08,True,,True
09_bfs,09_bfs_cand010,8a33bea991f336d017983ba84a81d3fbb89d2dcaf636171676b357351b99e16d,10000,4,0.005372708663344383,7.18499223391215e-08,7.068965916484595e-08,True,,True
09_bfs,09_bfs_cand010,8a33bea991f336d017983ba84a81d3fbb89d2dcaf636171676b357351b99e16d,100000,0,0.05640712473541498,6.765297717518276e-07,6.871637299920122e-07,True,,True
09_bfs,09_bfs_cand010,8a33bea991f336d017983ba84a81d3fbb89d2dcaf636171676b357351b99e16d,100000,1,0.04605104122310877,5.51389820045895e-07,5.599418630803625e-07,True,,True
09_bfs,09_bfs_cand010,8a33bea991f336d017983ba84a81d3fbb89d2dcaf636171676b357351b99e16d,100000,2,0.05014420859515667,6.006661388609145e-07,6.099789201786121e-07,True,,True
09_bfs,09_bfs_cand010,8a33bea991f336d017983ba84a81d3fbb89d2dcaf636171676b357351b99e16d,100000,3,0.04378754086792469,5.251233776410421e-07,5.330495858892799e-07,True,,True
09_bfs,09_bfs_cand010,8a33bea991f336d017983ba84a81d3fbb89d2dcaf636171676b357351b99e16d,100000,4,0.046386332251131535,5.572471353742812e-07,5.653705357333024e-07,True,,True
09_bfs,09_bfs_cand010,8a33bea991f336d017983ba84a81d3fbb89d2dcaf636171676b357351b99e16d,1000000,0,0.31994275003671646,3.424778746234046e-06,3.391463332387308e-06,True,,True
09_bfs,09_bfs_cand010,8a33bea991f336d017983ba84a81d3fbb89d2dcaf636171676b357351b99e16d,1000000,1,0.3101838752627373,3.667056560516358e-06,3.638440389144421e-06,True,,True
09_bfs,09_bfs_cand010,8a33bea991f336d017983ba84a81d3fbb89d2dcaf636171676b357351b99e16d,1000000,2,0.3314597923308611,3.740403883987003e-06,3.715059958172341e-06,True,,True
09_bfs,09_bfs_cand010,8a33bea991f336d017983ba84a81d3fbb89d2dcaf636171676b357351b99e16d,1000000,3,0.32824133336544037,3.7031518088446723e-06,3.67629158701102e-06,True,,True
09_bfs,09_bfs_cand010,8a33bea991f336d017983ba84a81d3fbb89d2dcaf636171676b357351b99e16d,1000000,4,0.32153333257883787,3.8051355216238235e-06,3.7800674024199455e-06,True,,True
09_bfs,09_bfs_cand011,853f83de657733f2012262bd01ffe88d3e63bbc64a3c30b150d19c5baf9f19f3,10000,0,0.009545083157718182,1.3124214278327094e-07,1.2770803420344986e-07,True,,True
09_bfs,09_bfs_cand011,853f83de657733f2012262bd01ffe88d3e63bbc64a3c30b150d19c5baf9f19f3,10000,1,0.0077226245775818825,1.0928495062722101e-07,1.0473537780096134e-07,True,,True
09_bfs,09_bfs_cand011,853f83de657733f2012262bd01ffe88d3e63bbc64a3c30b150d19c5baf9f19f3,10000,2,0.008870541118085384,1.2215359343422784e-07,1.1978076592137414e-07,True,,True
09_bfs,09_bfs_cand011,853f83de657733f2012262bd01ffe88d3e63bbc64a3c30b150d19c5baf9f19f3,10000,3,0.008312207646667957,1.1535336573918662e-07,1.1278730964511633e-07,True,,True
09_bfs,09_bfs_cand011,853f83de657733f2012262bd01ffe88d3e63bbc64a3c30b150d19c5baf9f19f3,10000,4,0.006415290758013725,8.592324124442207e-08,8.475529659042757e-08,True,,True
09_bfs,09_bfs_cand011,853f83de657733f2012262bd01ffe88d3e63bbc64a3c30b150d19c5baf9f19f3,100000,0,0.044349875301122665,5.328214830822415e-07,5.408302116642395e-07,True,,True
09_bfs,09_bfs_cand011,853f83de657733f2012262bd01ffe88d3e63bbc64a3c30b150d19c5baf9f19f3,100000,1,0.050633832812309265,6.081897351476881e-07,6.17528473872443e-07,True,,True
09_bfs,09_bfs_cand011,853f83de657733f2012262bd01ffe88d3e63bbc64a3c30b150d19c5baf9f19f3,100000,2,0.049565041437745094,5.958052145110237e-07,6.047365060115855e-07,True,,True
09_bfs,09_bfs_cand011,853f83de657733f2012262bd01ffe88d3e63bbc64a3c30b150d19c5baf9f19f3,100000,3,0.056287541054189205,6.748663054572212e-07,3.4046557099054535e-09,True,,True
09_bfs,09_bfs_cand011,853f83de657733f2012262bd01ffe88d3e63bbc64a3c30b150d19c5baf9f19f3,100000,4,0.055491166189312935,6.647954384485881e-07,3.3570390558193636e-09,True,,True
09_bfs,09_bfs_cand011,853f83de657733f2012262bd01ffe88d3e63bbc64a3c30b150d19c5baf9f19f3,1000000,0,0.321017500013113,3.7955009275012546e-06,3.7690234341611462e-06,True,,True
09_bfs,09_bfs_cand011,853f83de657733f2012262bd01ffe88d3e63bbc64a3c30b150d19c5baf9f19f3,1000000,1,0.3236023345962167,3.7371529473198787e-06,3.7093709926923116e-06,True,,True
09_bfs,09_bfs_cand011,853f83de657733f2012262bd01ffe88d3e63bbc64a3c30b150d19c5baf9f19f3,1000000,2,0.33193716686218977,3.835947646035089e-06,3.819919159676631e-06,True,,True
09_bfs,09_bfs_cand011,853f83de657733f2012262bd01ffe88d3e63bbc64a3c30b150d19c5baf9f19f3,1000000,3,0.3339625829830766,3.7708219554689196e-06,3.744580945713322e-06,True,,True
09_bfs,09_bfs_cand011,853f83de657733f2012262bd01ffe88d3e63bbc64a3c30b150d19c5baf9f19f3,1000000,4,0.3311227494850755,3.8264200091362e-06,3.801297288529575e-06,True,,True
09_bfs,09_bfs_cand012,d4dd8f34bf983a509ad75b947e763b716fd6daeed8337fd31c6f40b8421d7012,10000,0,0.006432167254388332,8.86731677585178e-08,8.640897847016654e-08,True,,True
09_bfs,09_bfs_cand012,d4dd8f34bf983a509ad75b947e763b716fd6daeed8337fd31c6f40b8421d7012,10000,1,0.007474791258573532,1.0169098774592082e-07,9.926060799509287e-08,True,,True
09_bfs,09_bfs_cand012,d4dd8f34bf983a509ad75b947e763b716fd6daeed8337fd31c6f40b8421d7012,10000,2,0.006977541372179985,9.634312656190661e-08,9.40103181714813e-08,True,,True
09_bfs,09_bfs_cand012,d4dd8f34bf983a509ad75b947e763b716fd6daeed8337fd31c6f40b8421d7012,10000,3,0.009949708357453346,1.321850551499261e-07,6.482434957895872e-10,True,,True
09_bfs,09_bfs_cand012,d4dd8f34bf983a509ad75b947e763b716fd6daeed8337fd31c6f40b8421d7012,10000,4,0.008308416232466698,1.1262595653533936e-07,1.1151558918654918e-07,True,,True
09_bfs,09_bfs_cand012,d4dd8f34bf983a509ad75b947e763b716fd6daeed8337fd31c6f40b8421d7012,100000,0,0.05137050058692694,6.120824151568943e-07,6.222253918578228e-07,True,,True
09_bfs,09_bfs_cand012,d4dd8f34bf983a509ad75b947e763b716fd6daeed8337fd31c6f40b8421d7012,100000,1,0.05529745761305094,6.64367609553867e-07,6.744066717316708e-07,True,,True
09_bfs,09_bfs_cand012,d4dd8f34bf983a509ad75b947e763b716fd6daeed8337fd31c6f40b8421d7012,100000,2,0.049937750212848186,5.988731980323792e-07,6.080925498858094e-07,True,,True
09_bfs,09_bfs_cand012,d4dd8f34bf983a509ad75b947e763b716fd6daeed8337fd31c6f40b8421d7012,100000,3,0.058132958598434925,6.969670454661051e-07,7.079379848062992e-07,True,,True
09_bfs,09_bfs_cand012,d4dd8f34bf983a509ad75b947e763b716fd6daeed8337fd31c6f40b8421d7012,100000,4,0.05951712466776371,7.132104701466031e-07,7.248098121667902e-07,True,,True
09_bfs,09_bfs_cand012,d4dd8f34bf983a509ad75b947e763b716fd6daeed8337fd31c6f40b8421d7012,1000000,0,0.3373300414532423,3.900684912999471e-06,3.877677481967211e-06,True,,True
09_bfs,09_bfs_cand012,d4dd8f34bf983a509ad75b947e763b716fd6daeed8337fd31c6f40b8421d7012,1000000,1,0.3383017089217901,3.732711407873366e-06,3.705321130411824e-06,True,,True
09_bfs,09_bfs_cand012,d4dd8f34bf983a509ad75b947e763b716fd6daeed8337fd31c6f40b8421d7012,1000000,2,0.3426380828022957,3.959697153833178e-06,3.935692991192143e-06,True,,True
09_bfs,09_bfs_cand012,d4dd8f34bf983a509ad75b947e763b716fd6daeed8337fd31c6f40b8421d7012,1000000,3,0.33756808284670115,3.900794684886933e-06,3.87765242882222e-06,True,,True
09_bfs,09_bfs_cand012,d4dd8f34bf983a509ad75b947e763b716fd6daeed8337fd31c6f40b8421d7012,1000000,4,0.33366574998945,3.944886393017239e-06,3.968221861539285e-06,True,,True
09_bfs,09_bfs_cand013,715db1988a8444ecee85f2fee672b6030dfcf40e473281cb193967b896a9f8c8,10000,0,0.004891875199973583,6.994720962312487e-08,6.749420262227457e-08,True,,True
09_bfs,09_bfs_cand013,715db1988a8444ecee85f2fee672b6030dfcf40e473281cb193967b896a9f8c8,10000,1,0.00475066713988781,6.80247942606608e-08,6.549567157030105e-08,True,,True
09_bfs,09_bfs_cand013,715db1988a8444ecee85f2fee672b6030dfcf40e473281cb193967b896a9f8c8,10000,2,0.006154707632958889,8.617093165715536e-08,8.38667577251792e-08,True,,True
09_bfs,09_bfs_cand013,715db1988a8444ecee85f2fee672b6030dfcf40e473281cb193967b896a9f8c8,10000,3,0.008996541611850262,1.240760087966919e-07,5.990786852607401e-10,True,,True
09_bfs,09_bfs_cand013,715db1988a8444ecee85f2fee672b6030dfcf40e473281cb193967b896a9f8c8,10000,4,0.00497420784085989,7.002039088143244e-08,6.772698611368737e-08,True,,True
09_bfs,09_bfs_cand013,715db1988a8444ecee85f2fee672b6030dfcf40e473281cb193967b896a9f8c8,100000,0,0.04876858368515968,5.863113535775079e-07,5.952355008949837e-07,True,,True
09_bfs,09_bfs_cand013,715db1988a8444ecee85f2fee672b6030dfcf40e473281cb193967b896a9f8c8,100000,1,0.05379841662943363,6.479130850897895e-07,6.579327948013942e-07,True,,True
09_bfs,09_bfs_cand013,715db1988a8444ecee85f2fee672b6030dfcf40e473281cb193967b896a9f8c8,100000,2,0.04858058411628008,5.825931827227275e-07,5.916306845203042e-07,True,,True
09_bfs,09_bfs_cand013,715db1988a8444ecee85f2fee672b6030dfcf40e473281cb193967b896a9f8c8,100000,3,0.05248166713863611,6.290829843944974e-07,6.386730588565271e-07,True,,True
09_bfs,09_bfs_cand013,715db1988a8444ecee85f2fee672b6030dfcf40e473281cb193967b896a9f8c8,100000,4,0.04781408328562975,5.76575431558821e-07,5.854726183121405e-07,True,,True
09_bfs,09_bfs_cand013,715db1988a8444ecee85f2fee672b6030dfcf40e473281cb193967b896a9f8c8,1000000,0,0.33185183349996805,3.7458643317222602e-06,3.729760909126699e-06,True,,True
09_bfs,09_bfs_cand013,715db1988a8444ecee85f2fee672b6030dfcf40e473281cb193967b896a9f8c8,1000000,1,0.3165472084656358,3.7455687920252484e-06,3.7196248440235855e-06,True,,True
09_bfs,09_bfs_cand013,715db1988a8444ecee85f2fee672b6030dfcf40e473281cb193967b896a9f8c8,1000000,2,0.3185957074165344,3.6776762869622973e-06,3.649324467312793e-06,True,,True
09_bfs,09_bfs_cand013,715db1988a8444ecee85f2fee672b6030dfcf40e473281cb193967b896a9f8c8,1000000,3,0.32051716558635235,3.70133916536967e-06,1.824976575814663e-08,True,,True
09_bfs,09_bfs_cand013,715db1988a8444ecee85f2fee672b6030dfcf40e473281cb193967b896a9f8c8,1000000,4,0.3228395413607359,3.5510980420642433e-06,3.519092879413565e-06,True,,True
09_bfs,09_bfs_cand014,d56b27e8c8bc090a89bf42d22e4dcabe701b9dc48539f24cfa0a562e52038b0b,10000,0,0.006709125824272633,9.718471103244359e-08,4.668220269540026e-10,True,,True
09_bfs,09_bfs_cand014,d56b27e8c8bc090a89bf42d22e4dcabe701b9dc48539f24cfa0a562e52038b0b,10000,1,0.007549249567091465,1.0430018107096354e-07,1.0164560084342956e-07,True,,True
09_bfs,09_bfs_cand014,d56b27e8c8bc090a89bf42d22e4dcabe701b9dc48539f24cfa0a562e52038b0b,10000,2,0.009168583899736404,1.2544675005806818e-07,1.2275928536405166e-07,True,,True
09_bfs,09_bfs_cand014,d56b27e8c8bc090a89bf42d22e4dcabe701b9dc48539f24cfa0a562e52038b0b,10000,3,0.010193916037678719,1.373358898692661e-07,1.3483043256749712e-07,True,,True
09_bfs,09_bfs_cand014,d56b27e8c8bc090a89bf42d22e4dcabe701b9dc48539f24cfa0a562e52038b0b,10000,4,0.009760625660419464,1.3326870070563424e-07,1.3042575373450916e-07,True,,True
09_bfs,09_bfs_cand014,d56b27e8c8bc090a89bf42d22e4dcabe701b9dc48539f24cfa0a562e52038b0b,100000,0,0.059571750462055206,7.143560383054946e-07,3.605054552365054e-09,True,,True
09_bfs,09_bfs_cand014,d56b27e8c8bc090a89bf42d22e4dcabe701b9dc48539f24cfa0a562e52038b0b,100000,1,0.05067841615527868,6.090819835662842e-07,6.182490568339824e-07,True,,True
09_bfs,09_bfs_cand014,d56b27e8c8bc090a89bf42d22e4dcabe701b9dc48539f24cfa0a562e52038b0b,100000,2,0.04878570791333914,5.851517120997111e-07,5.941435577481985e-07,True,,True
09_bfs,09_bfs_cand014,d56b27e8c8bc090a89bf42d22e4dcabe701b9dc48539f24cfa0a562e52038b0b,100000,3,0.060801541432738304,7.297944691446093e-07,7.410657378281157e-07,True,,True
09_bfs,09_bfs_cand014,d56b27e8c8bc090a89bf42d22e4dcabe701b9dc48539f24cfa0a562e52038b0b,100000,4,0.04938862472772598,5.917408400111728e-07,6.009355905418594e-07,True,,True
09_bfs,09_bfs_cand014,d56b27e8c8bc090a89bf42d22e4dcabe701b9dc48539f24cfa0a562e52038b0b,1000000,0,0.33724904153496027,3.899941841761272e-06,3.8769826493918895e-06,True,,True
09_bfs,09_bfs_cand014,d56b27e8c8bc090a89bf42d22e4dcabe701b9dc48539f24cfa0a562e52038b0b,1000000,1,0.3327351678162813,3.5769197675916883e-06,3.558695388778051e-06,True,,True
09_bfs,09_bfs_cand014,d56b27e8c8bc090a89bf42d22e4dcabe701b9dc48539f24cfa0a562e52038b0b,1000000,2,0.3431368749588728,3.7896745734744607e-06,3.763159286822876e-06,True,,True
09_bfs,09_bfs_cand014,d56b27e8c8bc090a89bf42d22e4dcabe701b9dc48539f24cfa0a562e52038b0b,1000000,3,0.34848429076373577,3.852900365988414e-06,3.827899449984729e-06,True,,True
09_bfs,09_bfs_cand014,d56b27e8c8bc090a89bf42d22e4dcabe701b9dc48539f24cfa0a562e52038b0b,1000000,4,0.3452726677060127,3.905295332272848e-06,3.881217914453149e-06,True,,True
09_bfs,09_bfs_cand015,3739f1aa300b638781b7aec67a0c845c48dafe8404163c98059628ccd6207cd5,10000,0,0.011936708353459835,1.5587045086754694e-07,1.5459831474920114e-07,False,,True
09_bfs,09_bfs_cand015,3739f1aa300b638781b7aec67a0c845c48dafe8404163c98059628ccd6207cd5,10000,1,0.011060625314712524,1.469676693280538e-07,1.447473262295127e-07,False,,True
09_bfs,09_bfs_cand015,3739f1aa300b638781b7aec67a0c845c48dafe8404163c98059628ccd6207cd5,10000,2,0.009730790741741657,1.3136317332585654e-07,1.287502038344741e-07,False,,True
09_bfs,09_bfs_cand015,3739f1aa300b638781b7aec67a0c845c48dafe8404163c98059628ccd6207cd5,10000,3,0.010579708963632584,1.4102872875001697e-07,1.3880496110270422e-07,False,,True
09_bfs,09_bfs_cand015,3739f1aa300b638781b7aec67a0c845c48dafe8404163c98059628ccd6207cd5,10000,4,0.007564375177025795,1.0417352120081584e-07,1.0176449631899595e-07,False,,True
09_bfs,09_bfs_cand015,3739f1aa300b638781b7aec67a0c845c48dafe8404163c98059628ccd6207cd5,100000,0,0.056172166019678116,6.743821832868788e-07,6.850194121380647e-07,False,,True
09_bfs,09_bfs_cand015,3739f1aa300b638781b7aec67a0c845c48dafe8404163c98059628ccd6207cd5,100000,1,0.04765858314931393,5.687788128852845e-07,5.778730375602842e-07,False,,True
09_bfs,09_bfs_cand015,3739f1aa300b638781b7aec67a0c845c48dafe8404163c98059628ccd6207cd5,100000,2,0.05999320838600397,7.187103231747945e-07,7.308356560841202e-07,False,,True
09_bfs,09_bfs_cand015,3739f1aa300b638781b7aec67a0c845c48dafe8404163c98059628ccd6207cd5,100000,3,0.06386858318001032,7.637618316544428e-07,7.762267888848981e-07,False,,True
09_bfs,09_bfs_cand015,3739f1aa300b638781b7aec67a0c845c48dafe8404163c98059628ccd6207cd5,100000,4,0.056961582973599434,6.796118285920886e-07,6.909555020938317e-07,False,,True
09_bfs,09_bfs_cand015,3739f1aa300b638781b7aec67a0c845c48dafe8404163c98059628ccd6207cd5,1000000,0,0.35961737483739853,4.162640041775174e-06,4.1443410021464034e-06,False,,True
09_bfs,09_bfs_cand015,3739f1aa300b638781b7aec67a0c845c48dafe8404163c98059628ccd6207cd5,1000000,1,0.37222533393651247,5.270024471812778e-06,5.2710666296949e-06,False,,True
09_bfs,09_bfs_cand015,3739f1aa300b638781b7aec67a0c845c48dafe8404163c98059628ccd6207cd5,1000000,2,0.3626589998602867,5.709765023655362e-06,5.720124588293831e-06,False,,True
09_bfs,09_bfs_cand015,3739f1aa300b638781b7aec67a0c845c48dafe8404163c98059628ccd6207cd5,1000000,3,0.37296625040471554,4.229682518376244e-06,2.062212260702522e-08,False,,True
09_bfs,09_bfs_cand015,3739f1aa300b638781b7aec67a0c845c48dafe8404163c98059628ccd6207cd5,1000000,4,0.36934033315628767,4.366553988721636e-06,2.1616371392718824e-08,False,,True
09_bfs,09_bfs_cand016,e48ca6427e43e8f59a90152de758eb0a219b14787802de4c99bc728b593a07c3,10000,0,0.009560375474393368,1.2831489245096844e-07,1.2645325353741648e-07,True,,True
09_bfs,09_bfs_cand016,e48ca6427e43e8f59a90152de758eb0a219b14787802de4c99bc728b593a07c3,10000,1,0.009070499800145626,1.2523565027448867e-07,1.2180484135647615e-07,True,,True
09_bfs,09_bfs_cand016,e48ca6427e43e8f59a90152de758eb0a219b14787802de4c99bc728b593a07c3,10000,2,0.010197124443948269,1.3649712006251018e-07,1.342617055758834e-07,True,,True
09_bfs,09_bfs_cand016,e48ca6427e43e8f59a90152de758eb0a219b14787802de4c99bc728b593a07c3,10000,3,0.007173209451138973,9.78686743312412e-08,9.66115033393105e-08,True,,True
09_bfs,09_bfs_cand016,e48ca6427e43e8f59a90152de758eb0a219b14787802de4c99bc728b593a07c3,10000,4,0.007108165882527828,9.242511457867094e-08,9.19300038928787e-08,True,,True
09_bfs,09_bfs_cand016,e48ca6427e43e8f59a90152de758eb0a219b14787802de4c99bc728b593a07c3,100000,0,0.0562912505120039,6.739909450213115e-07,6.848504420652986e-07,True,,True
09_bfs,09_bfs_cand016,e48ca6427e43e8f59a90152de758eb0a219b14787802de4c99bc728b593a07c3,100000,1,0.05833216663450003,6.991821858617996e-07,7.103382535760603e-07,True,,True
09_bfs,09_bfs_cand016,e48ca6427e43e8f59a90152de758eb0a219b14787802de4c99bc728b593a07c3,100000,2,0.057754416950047016,6.911350621117486e-07,7.028561104317506e-07,True,,True
09_bfs,09_bfs_cand016,e48ca6427e43e8f59a90152de758eb0a219b14787802de4c99bc728b593a07c3,100000,3,0.05644020810723305,6.761272748311362e-07,3.4127542676331637e-09,True,,True
09_bfs,09_bfs_cand016,e48ca6427e43e8f59a90152de758eb0a219b14787802de4c99bc728b593a07c3,100000,4,0.05437024962157011,6.539449095726013e-07,6.641630096301437e-07,True,,True
09_bfs,09_bfs_cand016,e48ca6427e43e8f59a90152de758eb0a219b14787802de4c99bc728b593a07c3,1000000,0,0.3350888332352042,3.693624171945784e-06,3.665142113477488e-06,True,,True
09_bfs,09_bfs_cand016,e48ca6427e43e8f59a90152de758eb0a219b14787802de4c99bc728b593a07c3,1000000,1,0.33911633398383856,3.6525723006990227e-06,3.6242845857510968e-06,True,,True
09_bfs,09_bfs_cand016,e48ca6427e43e8f59a90152de758eb0a219b14787802de4c99bc728b593a07c3,1000000,2,0.3367532081902027,3.982262313365937e-06,4.007909006480873e-06,True,,True
09_bfs,09_bfs_cand016,e48ca6427e43e8f59a90152de758eb0a219b14787802de4c99bc728b593a07c3,1000000,3,0.3391901673749089,3.8463506433698865e-06,3.821235804655155e-06,True,,True
09_bfs,09_bfs_cand016,e48ca6427e43e8f59a90152de758eb0a219b14787802de4c99bc728b593a07c3,1000000,4,0.3407256668433547,3.941615753703648e-06,1.946391825249125e-08,True,,True
