task,candidate_id,scale,num_runs,runtime_median,runtime_std,energy_median_kwh,energy_std_kwh,co2_median_kg,co2_std_kg,correct_fraction
01_array_sum,01_array_sum_cand000,10000,5,0.0009663756936788559,0.0002529772006049793,1.989404360453288e-08,5.1041360883054315e-09,1.816700047850609e-08,4.642021449086013e-09,1.0
01_array_sum,01_array_sum_cand000,100000,5,0.008969875052571297,0.0002802279613236821,1.1327332920498319e-07,4.155157547670405e-09,1.1368740052978197e-07,4.096286290655926e-09,1.0
01_array_sum,01_array_sum_cand000,1000000,5,0.055520834401249886,0.001517046253868422,6.610997849040561e-07,1.9083497070674757e-08,6.7273638283362e-07,1.9443555632784347e-08,1.0
01_array_sum,01_array_sum_cand001,10000,5,0.00016254093497991562,6.500714995701901e-06,1.0625355773501928e-08,1.3083609683131407e-09,8.064846653242907e-09,3.6895863763168326e-09,1.0
01_array_sum,01_array_sum_cand001,100000,5,0.0015345830470323563,0.00018045585910186196,2.4709933333926735e-08,2.719183005145344e-09,2.314446297933658e-08,2.6401565330833957e-09,1.0
01_array_sum,01_array_sum_cand001,1000000,5,0.013627124950289726,0.00020085494146566792,1.6764137479994034e-07,2.981356396628021e-09,1.689723546465238e-07,3.126717160035004e-09,1.0
01_array_sum,01_array_sum_cand002,10000,5,0.0009518750011920929,1.981530091627128e-05,1.8036365509033205e-08,8.08831727851442e-10,1.6239366182188192e-08,8.288539586716969e-10,1.0
01_array_sum,01_array_sum_cand002,100000,5,0.00841458234935999,0.0005449860254844891,1.0696003834406536e-07,7.232394177970225e-09,1.072007910862565e-07,7.345100431742937e-09,1.0
01_array_sum,01_array_sum_cand002,1000000,5,0.05568495858460665,0.0010183213504073513,6.621749864684212e-07,1.2429413439619838e-08,6.737148975099127e-07,1.2707253827004053e-08,1.0
01_array_sum,01_array_sum_cand003,10000,5,0.0006897086277604103,4.875227302374806e-05,1.7414324813418918e-08,2.151267432597145e-09,1.4759313214321931e-08,1.5842809681057318e-09,1.0
01_array_sum,01_array_sum_cand003,100000,5,0.006180332973599434,0.00029597492645389706,7.931159602271186e-08,4.05081586594671e-09,7.91801398942868e-08,4.054324328878989e-09,1.0
01_array_sum,01_array_sum_cand003,1000000,5,0.04168570879846811,0.0004742242153830432,4.984910289446513e-07,6.332302938886796e-09,5.066500363960862e-07,6.3865413587541415e-09,1.0
01_array_sum,01_array_sum_cand004,10000,5,0.00016137491911649704,7.313146379864797e-06,9.384089046054417e-09,2.015074199501663e-09,7.203104036053023e-09,1.3878056387029184e-09,1.0
01_array_sum,01_array_sum_cand004,100000,5,0.001440499909222126,0.00018255723127733492,2.526160743501451e-08,4.03131461803855e-09,2.345853845924139e-08,3.4903989003323106e-09,1.0
01_array_sum,01_array_sum_cand004,1000000,5,0.013666459359228611,0.00018228183905386468,1.687728696399265e-07,2.400061677038833e-09,1.7014970984359585e-07,2.453314268385921e-09,1.0
01_array_sum,01_array_sum_cand005,10000,5,0.0005948329344391823,3.355603447122484e-05,1.5581978691948785e-08,1.6110445570517255e-09,1.313551762898763e-08,1.2701699614919365e-09,1.0
01_array_sum,01_array_sum_cand005,100000,5,0.005265458486974239,0.0006187566562247697,6.81176781654358e-08,7.48732166573974e-09,6.762271685749293e-08,7.586649237619782e-09,1.0
01_array_sum,01_array_sum_cand005,1000000,5,0.03959687426686287,0.0009039187286669583,4.7354747851689663e-07,1.1352424884227055e-08,4.812701071187854e-07,1.1578317203003064e-08,1.0
01_array_sum,01_array_sum_cand006,10000,5,0.0009536249563097954,1.401727633359455e-05,1.923259761598375e-08,2.8360279058831425e-09,1.7894585161904494e-08,1.7335053248716624e-09,1.0
01_array_sum,01_array_sum_cand006,100000,5,0.00870541576296091,0.00134121790075713,1.1074576112959121e-07,1.6702053770446713e-08,1.1111023849149546e-07,1.7065035996010864e-08,1.0
01_array_sum,01_array_sum_cand006,1000000,5,0.054972708225250244,0.0013754843519202203,6.570607423782349e-07,1.6398289815102196e-08,6.678172984391451e-07,1.69036235251168e-08,1.0
01_array_sum,01_array_sum_cand007,10000,5,0.0001637497916817665,1.1199529607542502e-05,1.1331836382548015e-08,1.6539214418929826e-09,8.738714452584586e-09,1.2555354012356645e-09,1.0
01_array_sum,01_array_sum_cand007,100000,5,0.0015562493354082108,6.987203918111823e-05,2.5832984182569718e-08,9.274084379987313e-10,2.345389546652635e-08,8.407965048495787e-10,1.0
01_array_sum,01_array_sum_cand007,1000000,5,0.014169291593134403,0.0002657551343182935,1.7475684483846028e-07,4.459416449926464e-09,1.7591738435029984e-07,4.3419633906165955e-09,1.0
01_array_sum,01_array_sum_cand008,10000,5,0.0008207913488149643,8.644152662523723e-05,1.766201522615221e-08,2.2700355005874318e-09,1.631999262223641e-08,1.895195724807143e-09,1.0
01_array_sum,01_array_sum_cand008,100000,5,0.007162832655012608,7.000763154160284e-05,9.273191293080649e-08,2.0320927108888635e-09,9.263359952270986e-08,1.9364203993655764e-09,1.0
01_array_sum,01_array_sum_cand008,1000000,5,0.04889233224093914,0.000812143210373107,5.82615700032976e-07,1.0031188458983173e-08,5.928158678347866e-07,1.0158031390360463e-08,1.0
01_array_sum,01_array_sum_cand009,10000,5,0.0009512081742286682,5.467223729240317e-05,1.940710677040948e-08,1.6152499345093363e-09,1.760535682390134e-08,1.4268385582422189e-09,1.0
01_array_sum,01_array_sum_cand009,100000,5,0.008389624767005444,0.001662881882356283,1.072668366962009e-07,2.0417513350436302e-08,1.0739172425766786e-07,2.079898867438987e-08,1.0
01_array_sum,01_array_sum_cand009,1000000,5,0.055962542071938515,0.0012472404381273512,6.666953365008037e-07,1.523837923328571e-08,6.778055167093873e-07,1.5538437514634594e-08,1.0
01_array_sum,01_array_sum_cand010,10000,5,0.0011567911133170128,3.729837097601597e-05,2.0001000828213164e-08,1.2307656083703185e-09,1.842303062627713e-08,1.1524512702548216e-09,1.0
01_array_sum,01_array_sum_cand010,100000,5,0.010093250311911106,0.0005068753135890743,1.262123386065165e-07,7.290094223760624e-09,1.2582511842399836e-07,5.5893307719543674e-08,1.0
01_array_sum,01_array_sum_cand010,1000000,5,0.06272354163229465,0.0032902885231609613,7.461927003330655e-07,3.878841536040696e-08,7.595876657838622e-07,3.9546715950416186e-08,1.0
01_array_sum,01_array_sum_cand011,10000,5,0.0008834581822156906,4.479975493666617e-05,1.7093453142378064e-08,1.983855222031971e-09,1.531314459790786e-08,1.563929372212821e-09,1.0
01_array_sum,01_array_sum_cand011,100000,5,0.008167416788637638,0.0006057074085095398,1.0254383087158203e-07,7.906200325915066e-09,1.0266864387989045e-07,7.896991177630695e-09,1.0
01_array_sum,01_array_sum_cand011,1000000,5,0.05145516525954008,0.0012858633076992317,6.114913357628717e-07,1.5737596125382838e-08,6.223289321800073e-07,1.601786295774646e-08,1.0
01_array_sum,01_array_sum_cand012,10000,5,0.0012675002217292786,0.000108234585466656,2.486473984188504e-08,2.964910634695864e-09,2.2158231110374133e-08,2.395512064045869e-09,1.0
01_array_sum,01_array_sum_cand012,100000,5,0.010410374961793423,0.00040725145376478895,1.30166941218906e-07,4.3831450575799905e-09,1.3089623309870566e-07,4.539956560170116e-09,1.0
01_array_sum,01_array_sum_cand012,1000000,5,0.06430841702967882,0.0010027756634975057,7.64665338728163e-07,1.278568753941411e-08,7.783873017509778e-07,1.2948454083644878e-08,1.0
01_array_sum,01_array_sum_cand013,10000,5,0.0013019172474741936,3.4523167491363824e-05,2.4023155371348064e-08,2.5369751486552514e-09,2.1872631596028804e-08,2.1336318592266505e-09,1.0
01_array_sum,01_array_sum_cand013,100000,5,0.010652082972228527,0.0006635977247961847,1.3358957237667508e-07,8.502638777701691e-09,1.3439004550079508e-07,8.652775180581463e-09,1.0
01_array_sum,01_array_sum_cand013,1000000,5,0.06712662521749735,0.0009539545415590187,7.988691329956055e-07,1.1363551524680728e-08,8.130362608194352e-07,1.1617268011379932e-08,1.0
01_array_sum,01_array_sum_cand014,10000,5,0.0006002075970172882,7.138653830739493e-05,1.3352764977349176e-08,3.161203513706299e-09,1.1648872562249501e-08,2.4966138922019187e-09,1.0
01_array_sum,01_array_sum_cand014,100000,5,0.0053488342091441154,0.0013741537009258698,6.815426879458957e-08,1.778189093055619e-08,6.819244217177232e-08,1.756817526748216e-08,1.0
01_array_sum,01_array_sum_cand014,1000000,5,0.039201040752232075,0.0009292995181045945,4.694493280516731e-07,1.234972521162086e-08,4.771761601770917e-07,1.2390977180345463e-08,1.0
01_array_sum,01_array_sum_cand015,10000,5,0.00016033276915550232,6.909008940270027e-06,1.0602838463253445e-08,9.304326568149782e-10,8.2540525679787e-09,7.418741033291328e-10,1.0
01_array_sum,01_array_sum_cand015,100000,5,0.0015582097694277763,4.434915898903898e-05,2.640717559390598e-08,1.2250780052080828e-09,2.4569227887193363e-08,9.41964033569755e-10,1.0
01_array_sum,01_array_sum_cand015,1000000,5,0.013527292758226395,0.00038246216197827094,1.6668438911437988e-07,5.367057329459559e-09,1.6797130640149117e-07,5.459797777463039e-09,1.0
01_array_sum,01_array_sum_cand016,10000,5,0.00016791652888059616,5.493653636397651e-06,1.0726683669620092e-08,1.7123041291922924e-09,6.72145296583573e-09,3.6349715432375317e-09,1.0
01_array_sum,01_array_sum_cand016,100000,5,0.001512874849140644,5.593764924172907e-05,2.5759802924262152e-08,2.178989195243204e-09,2.4036313740412392e-08,1.494104245308921e-09,1.0
01_array_sum,01_array_sum_cand016,1000000,5,0.014088000170886517,0.00043307181097464203,1.738814844025506e-07,5.081892566027213e-09,1.7479718708743653e-07,5.1139540771493e-09,1.0
02_prefix_sum,02_prefix_sum_cand000,10000,5,0.0015707500278949738,0.00014314764792562625,2.6018751992119685e-08,2.2301156816221747e-09,2.4504035832484564e-08,1.8831908660592284e-09,1.0
02_prefix_sum,02_prefix_sum_cand000,100000,5,0.013964875601232052,0.0005237298348983688,1.7179300387700398e-07,6.1361144234505145e-09,1.7339462297409771e-07,6.338965925947995e-09,1.0
02_prefix_sum,02_prefix_sum_cand000,1000000,5,0.08078412525355816,0.0023374907440286154,9.604983859592014e-07,2.7316887030311735e-08,9.776376736005145e-07,2.7835189202274947e-08,1.0
02_prefix_sum,02_prefix_sum_cand001,10000,5,0.001186625100672245,4.587420167006156e-05,2.23484304216173e-08,2.2700054867364057e-09,2.0700014470020933e-08,1.9610571089173484e-09,1.0
02_prefix_sum,02_prefix_sum_cand001,100000,5,0.01073295809328556,0.00035623155641482734,1.339329613579644e-07,4.8424120616743675e-09,1.347064979394277e-07,4.8382596464805004e-09,1.0
02_prefix_sum,02_prefix_sum_cand001,1000000,5,0.06717099994421005,0.001551839297003059,7.998401920000713e-07,1.8906189852626734e-08,8.135724551692606e-07,1.9255745890164704e-08,1.0
02_prefix_sum,02_prefix_sum_cand002,10000,5,0.0013151252642273903,9.411767557998141e-05,2.1948748164706764e-08,2.9675044427204302e-09,2.047746774752935e-08,2.8383454679568586e-09,1.0
02_prefix_sum,02_prefix_sum_cand002,100000,5,0.011245042085647583,0.00047935311023186895,1.408288876215617e-07,6.42043144850217e-09,1.4154190230667595e-07,6.517589037998354e-09,1.0
02_prefix_sum,02_prefix_sum_cand002,1000000,5,0.07046612538397312,0.0013028820295197363,8.368023567729527e-07,1.555762581019862e-08,8.515692496811351e-07,1.582876037502358e-08,1.0
02_prefix_sum,02_prefix_sum_cand003,10000,5,0.0022067073732614517,8.174216769534954e-05,3.412779834535387e-08,1.1553665131212332e-09,3.2394350329538186e-08,1.2677167123249442e-09,1.0
02_prefix_sum,02_prefix_sum_cand003,100000,5,0.017501291818916798,0.0018671176151794323,2.142747243245443e-07,2.228582978981205e-08,2.1695053763389588e-07,2.284829566184135e-08,1.0
02_prefix_sum,02_prefix_sum_cand003,1000000,5,0.1005656672641635,0.003113150260595924,1.192302836312188e-06,3.683210828766982e-08,1.2138311183114849e-06,3.756084530799733e-08,1.0
02_prefix_sum,02_prefix_sum_cand004,10000,5,0.0014768745750188828,7.665868230678263e-05,2.534323268466526e-08,8.871885424989413e-10,2.3739605905612313e-08,8.186784338060152e-10,1.0
02_prefix_sum,02_prefix_sum_cand004,100000,5,0.012031708844006062,0.00045239964397317045,1.4997935957378811e-07,5.659128658245208e-09,1.5111437464902798e-07,5.6750959305702615e-09,1.0
02_prefix_sum,02_prefix_sum_cand004,1000000,5,0.07216979097574949,0.001006604305466665,8.569412761264378e-07,1.2079268020479024e-08,8.721109745462735e-07,1.2271664268991917e-08,1.0
02_prefix_sum,02_prefix_sum_cand005,10000,5,0.0016035418957471848,5.859488412037893e-05,2.763436900244819e-08,9.041044442659993e-10,2.5767135854065417e-08,6.623672505080591e-10,1.0
02_prefix_sum,02_prefix_sum_cand005,100000,5,0.013634917326271534,0.0007259561545309011,1.6829719146092734e-07,9.117727508421417e-09,1.6563857495238384e-07,7.555159911905317e-08,1.0
02_prefix_sum,02_prefix_sum_cand005,1000000,5,0.08117395918816328,0.0013843064310218843,9.646669030189515e-07,1.659891480931179e-08,9.818261442676186e-07,1.6862620623769073e-08,1.0
02_prefix_sum,02_prefix_sum_cand006,10000,5,0.0012163324281573296,6.265376993344383e-05,2.3114018970065648e-08,2.064231701550881e-09,2.136454874475797e-08,1.727161332875414e-09,1.0
02_prefix_sum,02_prefix_sum_cand006,100000,5,0.01039491593837738,0.0007739849937974467,1.2858791483773127e-07,8.884442999458088e-09,1.2930999346127113e-07,9.026586595894771e-09,1.0
02_prefix_sum,02_prefix_sum_cand006,1000000,5,0.06463958323001862,0.0005858285956985132,7.702665196524726e-07,7.626663018771e-09,7.8368579629759e-07,7.737691643343727e-09,1.0
02_prefix_sum,02_prefix_sum_cand007,10000,5,0.0020877905189990997,0.00011478653259261048,3.362115886476305e-08,3.1146112258381894e-09,3.184942461798589e-08,2.5036277326605656e-09,1.0
02_prefix_sum,02_prefix_sum_cand007,100000,5,0.01625895779579878,0.0004461829776772293,1.9932323031955295e-07,5.637609950381024e-09,2.0144997776349384e-07,5.9095322332428455e-09,1.0
02_prefix_sum,02_prefix_sum_cand007,1000000,5,0.09548183344304562,0.0014231764211752756,1.1319761474927268e-06,1.6422750652423492e-08,1.1523829162165525e-06,1.6679994307675086e-08,1.0
02_prefix_sum,02_prefix_sum_cand008,10000,5,0.0006957920268177986,5.591334395380389e-05,1.64911150932312e-08,1.7831671456784537e-09,1.471304175108671e-08,1.3663808131519468e-09,1.0
02_prefix_sum,02_prefix_sum_cand008,100000,5,0.006662542000412941,0.0003841570521011394,8.595701720979479e-08,5.347065093401254e-09,8.601584534297387e-08,5.4480790890544705e-09,1.0
02_prefix_sum,02_prefix_sum_cand008,1000000,5,0.04216758441179991,0.005793016905508808,5.045087801085578e-07,6.93849450937187e-08,5.125875208343069e-07,7.050015670852563e-08,1.0
02_prefix_sum,02_prefix_sum_cand009,10000,5,0.001750958152115345,7.551585509994644e-05,3.027170896530151e-08,1.8060899385213289e-09,2.8322128790616994e-08,1.6986540463625514e-09,1.0
02_prefix_sum,02_prefix_sum_cand009,100000,5,0.01448575034737587,0.0006125700321037267,1.7878181404537625e-07,8.265128660540652e-09,1.8040074051717917e-07,8.431040578144987e-09,1.0
02_prefix_sum,02_prefix_sum_cand009,1000000,5,0.08620183262974024,0.000580602894804598,1.0236003332667881e-06,7.0183785020437e-09,1.0418621951823434e-06,7.170683238101395e-09,1.0
02_prefix_sum,02_prefix_sum_cand010,10000,5,0.0011472906917333603,6.1022099332649154e-05,2.1506845951080326e-08,1.752187095886045e-09,1.9773967196047306e-08,1.1251366856967774e-09,1.0
02_prefix_sum,02_prefix_sum_cand010,100000,5,0.009975084103643894,0.00017871122041762923,1.2584924697875978e-07,3.1541886394767776e-09,1.264294839501381e-07,3.0734144547609214e-09,1.0
02_prefix_sum,02_prefix_sum_cand010,1000000,5,0.0614207498729229,0.001312186798316211,7.303292552630108e-07,1.6313814754820153e-08,7.429493983879686e-07,1.6602895477413762e-08,1.0
02_prefix_sum,02_prefix_sum_cand011,10000,5,0.0014760829508304596,0.0001270795701464701,2.681248717837864e-08,2.4918062824873576e-09,2.4336222546299304e-08,2.092488482293344e-09,1.0
02_prefix_sum,02_prefix_sum_cand011,100000,5,0.012104458175599575,0.0003324076234520401,1.5127691957685684e-07,4.923452575463533e-09,1.5236815699239575e-07,4.998448084990799e-09,1.0
02_prefix_sum,02_prefix_sum_cand011,1000000,5,0.0735137090086937,0.004775394666141153,8.740966518719992e-07,5.664598754532599e-08,8.895150505051017e-07,5.7786009139805546e-08,1.0
02_prefix_sum,02_prefix_sum_cand012,10000,5,0.0018187081441283226,0.00018597330416852254,2.7811692820654977e-08,3.2986270823814067e-09,2.644669250796239e-08,3.12855496205288e-09,1.0
02_prefix_sum,02_prefix_sum_cand012,100000,5,0.015184500254690647,0.0006849185596609795,1.8748193979263308e-07,8.61497547204421e-09,1.8929980460554363e-07,8.763791330615754e-09,1.0
02_prefix_sum,02_prefix_sum_cand012,1000000,5,0.08814520761370659,0.0014861305422413772,1.045357684294383e-06,1.70170902067069e-08,1.0641672272637488e-06,1.7307988513671598e-08,1.0
02_prefix_sum,02_prefix_sum_cand013,10000,5,0.0022694580256938934,0.00012327169041321368,3.4800502989027236e-08,2.857420969142752e-09,3.3420863725741705e-08,2.715228090143072e-09,1.0
02_prefix_sum,02_prefix_sum_cand013,100000,5,0.01891291607171297,0.0007067102996316528,2.304055624537998e-07,9.285838463608322e-09,2.3338513135959706e-07,9.355324504645257e-09,1.0
02_prefix_sum,02_prefix_sum_cand013,1000000,5,0.10421187430620193,0.005587867213097148,1.2354994813601177e-06,6.48953997263493e-08,1.2576698276743295e-06,6.614514373763281e-08,1.0
02_prefix_sum,02_prefix_sum_cand014,10000,5,0.0016247499734163284,4.0382989685274624e-05,2.7614666355980772e-08,8.387211626659303e-10,2.60275554522872e-08,9.125642052840262e-10,1.0
02_prefix_sum,02_prefix_sum_cand014,100000,5,0.013279750011861324,0.0001416623261162785,1.6491115093231201e-07,2.5972176398145474e-09,1.6634993531405926e-07,2.5684506585310176e-09,1.0
02_prefix_sum,02_prefix_sum_cand014,1000000,5,0.08035004138946533,0.0010422017365599385,9.552265206972759e-07,1.2919367677982518e-08,9.722579346045853e-07,1.3126994505195668e-08,1.0
02_prefix_sum,02_prefix_sum_cand015,10000,5,0.0014068745076656342,0.00011563499800384506,2.4814075893825956e-08,2.7847776213986393e-09,2.2778997651735943e-08,2.4342789093445345e-09,1.0
02_prefix_sum,02_prefix_sum_cand015,100000,5,0.011891458183526993,0.0008962210509786617,1.4890415800942315e-07,1.0580158104917476e-08,1.4984682179143033e-07,1.0829186858098642e-08,1.0
02_prefix_sum,02_prefix_sum_cand015,1000000,5,0.08439283352345228,0.004949511055076361,1.004581650098165e-06,5.892608668765976e-08,1.0223296636074781e-06,5.995050110660491e-08,1.0
02_prefix_sum,02_prefix_sum_cand016,10000,5,0.0023099584504961967,0.00048747850102992085,3.78375252087911e-08,7.924479209278403e-09,3.533363410681487e-08,7.37732414368919e-09,1.0
02_prefix_sum,02_prefix_sum_cand016,100000,5,0.016210458241403103,0.002430908718141616,1.9663522640864055e-07,2.883261698724104e-08,1.9925089478045703e-07,2.9327599351921915e-08,1.0
02_prefix_sum,02_prefix_sum_cand016,1000000,5,0.09098770841956139,0.004660944431176211,1.0807520813412137e-06,5.483283475441615e-08,1.0999046908120313e-06,5.584084792968182e-08,1.0
03_matrix_multiplication,03_matrix_multiplication_cand000,10000,5,0.05214816704392433,0.001870920506180763,6.219872170024448e-07,2.1995910663902298e-08,6.326182635818919e-07,2.256617448286413e-08,1.0
03_matrix_multiplication,03_matrix_multiplication_cand000,100000,5,0.9320449586957693,0.0058310465577136,1.1004814671145548e-05,6.990973433200022e-08,1.1211140510907271e-05,5.823592367217944e-08,1.0
03_matrix_multiplication,03_matrix_multiplication_cand000,1000000,5,28.520146625116467,0.14307845853207374,0.00033662334862682547,1.636166563958519e-06,0.00034287796427559926,1.6583219984402067e-06,1.0
03_matrix_multiplication,03_matrix_multiplication_cand001,10000,5,0.0685433754697442,0.0014343653097932813,8.148789405822755e-07,1.8129426001309268e-08,8.287298931241037e-07,1.8250856546987493e-08,1.0
03_matrix_multiplication,03_matrix_multiplication_cand001,100000,5,1.4576074993237853,0.01147104880253834,1.7207818561130102e-05,1.357758510800585e-07,1.7531283310445147e-05,1.3819427857794143e-07,1.0
03_matrix_multiplication,03_matrix_multiplication_cand001,1000000,5,50.175390999764204,1.1564034987325988,0.0005920711858405003,1.3545493769320283e-05,0.00060317978614152,1.3706873131671375e-05,1.0
03_matrix_multiplication,03_matrix_multiplication_cand002,10000,5,0.07170083280652761,0.0026738780182286623,8.517341481314766e-07,3.2374527377768775e-08,8.670406046519678e-07,3.301023033373148e-08,1.0
03_matrix_multiplication,03_matrix_multiplication_cand002,100000,5,1.4675250416621566,0.03136348552276613,1.7324103580580814e-05,3.6967682278465503e-07,1.76492308231781e-05,3.9340715431422437e-07,1.0
03_matrix_multiplication,03_matrix_multiplication_cand002,1000000,5,49.89092312473804,1.210534779800205,0.0005888654977083204,1.4311270154857648e-05,0.0005999317404329562,1.4566480749505723e-05,1.0
03_matrix_multiplication,03_matrix_multiplication_cand003,10000,5,0.05484495870769024,0.0015963866162971474,6.526473495695327e-07,1.9592644444160114e-08,6.637018004049858e-07,1.9910401048785938e-08,1.0
03_matrix_multiplication,03_matrix_multiplication_cand003,100000,5,0.9421592922881246,0.0043198183147849555,1.1124018496937223e-05,5.0911276561843995e-08,1.1332552187443772e-05,5.155912610897509e-08,1.0
03_matrix_multiplication,03_matrix_multiplication_cand003,1000000,5,28.532454875297844,0.10561714310839726,0.00033676525834533915,1.262422657271328e-06,0.00034311068099031783,1.2858166745310123e-06,1.0
03_matrix_multiplication,03_matrix_multiplication_cand004,10000,5,0.05472654104232788,0.0018298058848558534,6.527177161640592e-07,2.1876511239757593e-08,6.636518050397436e-07,2.2421448469897142e-08,1.0
03_matrix_multiplication,03_matrix_multiplication_cand004,100000,5,0.937694457359612,0.0035873692977673108,1.1072355343235864e-05,4.251467267089091e-08,1.1279562630677721e-05,4.31796488502528e-08,1.0
03_matrix_multiplication,03_matrix_multiplication_cand004,1000000,5,28.65099670831114,0.3165477884555438,0.00033816935618718465,3.7276812833267526e-06,0.0003445079691268326,3.808267272432794e-06,1.0
03_matrix_multiplication,03_matrix_multiplication_cand005,10000,5,0.13563045766204596,0.0032292961733086088,1.6094134913550486e-06,3.822298177535285e-08,1.638096066282193e-06,3.8829897230662114e-08,1.0
03_matrix_multiplication,03_matrix_multiplication_cand005,100000,5,3.462710166350007,0.040304640873989044,4.087383531861836e-05,5.094626351465148e-07,4.13202708980953e-05,1.8431076985301574e-05,1.0
03_matrix_multiplication,03_matrix_multiplication_cand005,1000000,5,114.76225641742349,1.028388781656415,0.001354291499323314,1.2131429670937625e-05,0.001379743695945202,1.2350504491751927e-05,1.0
03_matrix_multiplication,03_matrix_multiplication_cand006,10000,5,0.06902250088751316,0.0020570843289769505,8.231427934434679e-07,2.4221063377255074e-08,8.371783016840618e-07,2.471984079964137e-08,1.0
03_matrix_multiplication,03_matrix_multiplication_cand006,100000,5,0.9513420416042209,0.005556718937066617,1.1233804457717472e-05,6.513761777652693e-08,1.1443951575041315e-05,6.64091675101742e-08,1.0
03_matrix_multiplication,03_matrix_multiplication_cand006,1000000,5,28.64545875042677,0.11600677942516292,0.00033810509459839927,1.3688867814333147e-06,0.00034447809939190714,1.385542156560764e-06,1.0
03_matrix_multiplication,03_matrix_multiplication_cand007,10000,5,0.06624733377248049,0.008192094117893041,7.899916834301419e-07,9.772383161910165e-08,8.034225403199594e-07,9.930128541985496e-08,1.0
03_matrix_multiplication,03_matrix_multiplication_cand007,100000,5,0.9528425000607967,0.005192598378362638,1.1250033809079065e-05,6.128395679163381e-08,1.145985675667276e-05,6.235011967116472e-08,1.0
03_matrix_multiplication,03_matrix_multiplication_cand007,1000000,5,28.488178750500083,0.15203748640875825,0.0003362519762582251,1.8140878535556354e-06,0.00034259035965394946,1.8286489728520179e-06,1.0
03_matrix_multiplication,03_matrix_multiplication_cand008,10000,5,0.08352887537330389,0.0018168729313263173,9.929908646477595e-07,2.0910948707573798e-08,1.010906348582109e-06,2.1202108782502544e-08,1.0
03_matrix_multiplication,03_matrix_multiplication_cand008,100000,5,1.372984042391181,0.026100443457968314,1.6210923757818013e-05,3.0736934545345643e-07,1.6515339980315666e-05,3.130410826592208e-07,1.0
03_matrix_multiplication,03_matrix_multiplication_cand008,1000000,5,47.24881500005722,0.5452467081584386,0.0005575051021244793,6.426973213341121e-06,0.0005679835326587527,6.527353556351324e-06,1.0
03_matrix_multiplication,03_matrix_multiplication_cand009,10000,5,2.6416033506393433e-05,9.731389706939564e-06,1.244362857606676e-08,4.177857417741626e-09,9.36244426916043e-09,3.077552711568696e-09,0.0
03_matrix_multiplication,03_matrix_multiplication_cand009,100000,5,2.9250048100948334e-05,8.464436839540056e-06,1.2632211049397787e-08,4.382289867758618e-09,8.993270885944365e-09,2.8974303251444908e-09,0.0
03_matrix_multiplication,03_matrix_multiplication_cand009,1000000,5,8.637551218271255e-05,1.333384020205282e-05,1.3127591874864368e-08,2.613584240553199e-09,9.771899179617564e-09,1.7841831226580253e-09,0.0
03_matrix_multiplication,03_matrix_multiplication_cand010,10000,5,0.14588304143399,0.00372315921539941,1.7270467347568935e-06,4.363293925004648e-08,1.7499499125421049e-06,4.101820497503374e-08,1.0
03_matrix_multiplication,03_matrix_multiplication_cand010,100000,5,3.4449084168300033,0.05035483769775935,4.066569937600031e-05,5.944138508650803e-07,4.1430678016348694e-05,6.059011463123455e-07,1.0
03_matrix_multiplication,03_matrix_multiplication_cand010,1000000,5,114.45969783235341,1.2031618730961193,0.0013508986050883957,1.4255942263951458e-05,0.0013762322772038118,1.4484519825902582e-05,1.0
03_matrix_multiplication,03_matrix_multiplication_cand011,10000,5,0.0027584992349147797,0.0003984830759042597,3.981904851065742e-08,4.3997224022621054e-09,3.845879605660836e-08,4.165512681944415e-09,1.0
03_matrix_multiplication,03_matrix_multiplication_cand011,100000,5,0.0345512917265296,0.0017802084197217614,4.1380905442767676e-07,2.1693781520674867e-08,4.2055066472341623e-07,2.201536401687289e-08,1.0
03_matrix_multiplication,03_matrix_multiplication_cand011,1000000,5,0.4849235415458679,0.0023577854849349583,5.727697246604496e-06,2.805352794392196e-08,5.833751566532751e-06,2.859684447727884e-08,1.0
03_matrix_multiplication,03_matrix_multiplication_cand012,10000,5,0.05573216639459133,0.0010503031400861086,6.636836462550694e-07,1.2536829553067356e-08,6.754135039096078e-07,1.2583374304199647e-08,1.0
03_matrix_multiplication,03_matrix_multiplication_cand012,100000,5,0.9400637075304985,0.007147504478285215,1.1098427573839823e-05,8.41802692968521e-08,1.1306547561720014e-05,7.61584264193702e-08,1.0
03_matrix_multiplication,03_matrix_multiplication_cand012,1000000,5,28.54375133290887,0.020696375182712105,0.00033690359907017817,2.2384573804799996e-07,0.00034322103155280003,2.2907616056793724e-07,1.0
03_matrix_multiplication,03_matrix_multiplication_cand013,10000,5,0.04973195865750313,0.008112352421158434,5.926527910762364e-07,9.611615242945618e-08,6.0246273898532e-07,9.779509302299516e-08,1.0
03_matrix_multiplication,03_matrix_multiplication_cand013,100000,5,0.9420902077108622,0.004324422069885655,1.1122580203745103e-05,5.183117852214893e-08,1.1331104793888826e-05,5.275054655227828e-08,1.0
03_matrix_multiplication,03_matrix_multiplication_cand013,1000000,5,28.455437042750418,0.09254566608612907,0.00033586408181322954,1.0686292693320827e-06,0.0003421957372828817,1.0833704040918411e-06,1.0
03_matrix_multiplication,03_matrix_multiplication_cand014,10000,5,0.06884837429970503,0.006368984401605291,8.184423049290975e-07,7.578491169996695e-08,8.325618358284234e-07,7.716219666486218e-08,1.0
03_matrix_multiplication,03_matrix_multiplication_cand014,100000,5,1.4649292919784784,0.010536974220020576,1.7293567293220095e-05,1.2436119954760912e-07,1.7617943374988933e-05,1.2670469995691005e-07,1.0
03_matrix_multiplication,03_matrix_multiplication_cand014,1000000,5,50.280332875438035,1.3023621398270038,0.0005933731226457491,1.5413124557095242e-05,0.0006044646215649465,1.5708354434133687e-05,1.0
03_matrix_multiplication,03_matrix_multiplication_cand015,10000,5,0.06713329069316387,0.005874390907436633,7.98846615685357e-07,6.964713064091628e-08,8.124200263460476e-07,7.074522070050112e-08,1.0
03_matrix_multiplication,03_matrix_multiplication_cand015,100000,5,1.479755749925971,0.021117627126229895,1.746755854951011e-05,2.487869035322602e-07,1.7758826352643477e-05,2.53040033603499e-07,1.0
03_matrix_multiplication,03_matrix_multiplication_cand015,1000000,5,50.178728207945824,1.1533285946669471,0.0005921809436546436,1.361270306777537e-05,0.0006033401138300476,1.3857024180034443e-05,1.0
03_matrix_multiplication,03_matrix_multiplication_cand016,10000,5,0.05515708401799202,0.0017458911356183944,6.576912270651923e-07,2.057910944739579e-08,6.688583429763714e-07,2.097638131832488e-08,1.0
03_matrix_multiplication,03_matrix_multiplication_cand016,100000,5,0.9392263339832425,0.005273688889132345,1.108960078822242e-05,6.281984234600024e-08,1.129721669930915e-05,6.394267850363927e-08,1.0
03_matrix_multiplication,03_matrix_multiplication_cand016,1000000,5,28.580967291258276,0.11315599707058632,0.00033734288364648836,1.3118636907403905e-06,0.00034370087749717394,1.3509147913226527e-06,1.0
03_matrix_multiplication,03_matrix_multiplication_cand017,10000,5,0.055660792626440525,0.0016639442564209456,6.62870208422343e-07,2.1540094358218608e-08,6.747367203742265e-07,2.1513278495760176e-08,1.0
03_matrix_multiplication,03_matrix_multiplication_cand017,100000,5,0.951557332649827,0.004627412382108213,1.1239070693651835e-05,5.536919377332102e-08,1.1449573541978005e-05,5.6361638562106525e-08,1.0
03_matrix_multiplication,03_matrix_multiplication_cand017,1000000,5,28.79198145866394,0.09847853475288618,0.00033965576324197994,1.167976971887606e-06,0.000346057013321774,1.183929148883074e-06,1.0
03_matrix_multiplication,03_matrix_multiplication_cand018,10000,5,0.05359870847314596,0.0015045120299501233,6.392579939630297e-07,1.866776631856011e-08,6.503574748749534e-07,1.9096562073450473e-08,1.0
03_matrix_multiplication,03_matrix_multiplication_cand018,100000,5,0.9367917506024241,0.0033356418770505536,1.1059762537479402e-05,3.928592724764513e-08,1.1266999579788746e-05,4.016257693635493e-08,1.0
03_matrix_multiplication,03_matrix_multiplication_cand018,1000000,5,28.543338207527995,0.07751021947355971,0.0003368115933405031,9.840297917273095e-07,0.00034306370731008887,9.832136159001573e-07,1.0
03_matrix_multiplication,03_matrix_multiplication_cand019,10000,5,0.08856383338570595,0.0028307766643476534,1.0512966248724196e-06,3.417750471946638e-08,1.0703210466389854e-06,3.441237421169466e-08,1.0
03_matrix_multiplication,03_matrix_multiplication_cand019,100000,5,1.9950270419940352,0.032203879392783644,2.3490435216161945e-05,3.7380534191284743e-07,2.3931920216815676e-05,3.9751008477907333e-07,1.0
03_matrix_multiplication,03_matrix_multiplication_cand019,1000000,5,66.88271670788527,1.1265877977255165,0.0007892420371373495,1.3269189993104318e-05,0.0008041241602216962,0.00035627302466626,1.0
04_top_k_selection,04_top_k_selection_cand000,10000,5,0.0022954586893320084,0.0008594660293028193,4.0269394715627036e-08,1.3856374333201674e-08,3.67271023914218e-08,1.2733083369767292e-08,1.0
04_top_k_selection,04_top_k_selection_cand000,100000,5,0.026390166953206062,0.0008684181931933896,3.18864815764957e-07,9.676225626374372e-09,3.232651668136319e-07,9.979146765659403e-09,1.0
04_top_k_selection,04_top_k_selection_cand000,1000000,5,0.16282054129987955,0.0009203387513763825,3.8599792453977805e-06,2.1499914852775337e-08,3.9312181603839e-06,2.1932894979965813e-08,1.0
04_top_k_selection,04_top_k_selection_cand001,10000,5,0.0024000415578484535,0.00019297218482742644,4.010614421632555e-08,2.1672006381920744e-09,3.732137376616399e-08,2.327015689268571e-09,1.0
04_top_k_selection,04_top_k_selection_cand001,100000,5,0.02764083445072174,0.0033468711905235812,3.3520675367779203e-07,4.1761165978927586e-08,3.3952695563981935e-07,4.2153665425344335e-08,1.0
04_top_k_selection,04_top_k_selection_cand001,1000000,5,0.1692059589549899,0.002491748126741456,4.0126972728305395e-06,5.975685158566035e-08,4.0863509422262515e-06,6.094729719318152e-08,1.0
04_top_k_selection,04_top_k_selection_cand002,10000,5,0.003180583007633686,0.0007302128543762678,5.2406224939558245e-08,9.709712849743224e-09,4.945226186563572e-08,9.479715920087964e-09,1.0
04_top_k_selection,04_top_k_selection_cand002,100000,5,0.027081500738859177,0.0032711371545058434,3.294113609525893e-07,3.885858509092259e-08,3.318678083022436e-07,1.5020388744400766e-07,1.0
04_top_k_selection,04_top_k_selection_cand002,1000000,5,0.1690801251679659,0.004382448807889163,4.00629954205619e-06,1.0324687236274654e-07,4.056732816305261e-06,1.0289674116420348e-07,1.0
04_top_k_selection,04_top_k_selection_cand003,10000,5,0.003348500467836857,0.0003300893648971182,5.135354068544176e-08,3.1875664069214736e-09,4.9737338449060915e-08,3.5248752605078053e-09,1.0
04_top_k_selection,04_top_k_selection_cand003,100000,5,0.010406000539660454,0.002070228420822813,1.391766799820794e-07,2.54751319904604e-08,1.364263226573666e-07,2.5828102744167454e-08,1.0
04_top_k_selection,04_top_k_selection_cand003,1000000,5,0.04085112456232309,0.0012261515751699694,4.929208093219334e-07,1.4538078882342426e-08,5.003045232226451e-07,1.4610450435825556e-08,1.0
04_top_k_selection,04_top_k_selection_cand004,10000,5,0.003287707455456257,0.000922472713868567,5.078779326544868e-08,1.4417219429742826e-08,4.897745643655459e-08,1.354032418135926e-08,1.0
04_top_k_selection,04_top_k_selection_cand004,100000,5,0.02773216739296913,0.0020758302135764155,3.3566835853788595e-07,2.4660992146660237e-08,3.399973399256667e-07,2.5160042005811766e-08,1.0
04_top_k_selection,04_top_k_selection_cand004,1000000,5,0.16752416640520096,0.00446916474334171,3.967153198189206e-06,1.0990976326821649e-07,4.028625976589819e-06,1.1354943232493936e-07,1.0
04_top_k_selection,04_top_k_selection_cand005,10000,5,0.002881624735891819,0.0007205091089921354,4.652639230092367e-08,1.0902163887037913e-08,4.3697914174199106e-08,1.0523153866431746e-08,1.0
04_top_k_selection,04_top_k_selection_cand005,100000,5,0.029348166659474373,0.001303964926088802,3.5580446322758996e-07,1.5639215808926097e-08,3.601984782978892e-07,1.5941769910939923e-08,1.0
04_top_k_selection,04_top_k_selection_cand005,1000000,5,0.1651943325996399,0.002770710153524672,3.915608260366653e-06,6.689905683971129e-08,3.987705919002494e-06,6.821176347863925e-08,1.0
04_top_k_selection,04_top_k_selection_cand006,10000,5,0.002599707804620266,0.0006550290078502564,4.1541622744666204e-08,9.599094753290218e-09,3.8530104818443456e-08,9.172060926318087e-09,1.0
04_top_k_selection,04_top_k_selection_cand006,100000,5,0.02713070809841156,0.0014417421044993007,3.2965905136532256e-07,1.7495118073773906e-08,3.337337842891614e-07,1.781642214562545e-08,1.0
04_top_k_selection,04_top_k_selection_cand006,1000000,5,0.16206716746091843,0.0014569810688170543,3.841562900278304e-06,3.269334961878255e-08,3.912191413933536e-06,3.252681188303626e-08,1.0
04_top_k_selection,04_top_k_selection_cand007,10000,5,0.002891499549150467,0.000658180967169323,4.498677121268379e-08,1.110256153756562e-08,4.2498675110439466e-08,1.0186283394319251e-08,1.0
04_top_k_selection,04_top_k_selection_cand007,100000,5,0.00871241744607687,0.0008958780752997602,1.1173933744430543e-07,1.1291212657515158e-08,1.1189300269335509e-07,1.1363247796133502e-08,1.0
04_top_k_selection,04_top_k_selection_cand007,1000000,5,0.03368854150176048,0.0017903536515999348,4.0724525849024457e-07,2.0638816296735568e-08,4.1167903073877093e-07,2.132022748849492e-08,1.0
04_top_k_selection,04_top_k_selection_cand008,10000,5,0.0017143748700618744,0.0004940837139851344,2.9269688659244115e-08,7.791436598261148e-09,2.6398994869490463e-08,7.625748558088065e-09,1.0
04_top_k_selection,04_top_k_selection_cand008,100000,5,0.023107165470719337,0.004709611248910882,2.790598405732049e-07,5.664874595271965e-08,2.825814264630278e-07,5.7437608394409995e-08,1.0
04_top_k_selection,04_top_k_selection_cand008,1000000,5,0.15984100010246038,0.0017984496245740248,3.789108826054467e-06,4.424081974320627e-08,3.858444573963185e-06,5.092058792930383e-08,1.0
04_top_k_selection,04_top_k_selection_cand009,10000,5,0.00253920815885067,0.00025182888238597386,3.88536188337538e-08,2.2671687826274855e-09,3.746131324966749e-08,2.012627025780648e-09,1.0
04_top_k_selection,04_top_k_selection_cand009,100000,5,0.024616042152047157,0.001095000096143985,2.984810206625197e-07,1.368921584244696e-08,3.022305082475146e-07,1.3921190827973562e-08,1.0
04_top_k_selection,04_top_k_selection_cand009,1000000,5,0.1595759578049183,0.003105858010456341,3.7840086552831867e-06,7.341101006041196e-08,3.853289996344348e-06,7.474853342596038e-08,1.0
04_top_k_selection,04_top_k_selection_cand010,10000,5,0.0019209999591112137,0.0003848479734839141,3.1462311744689944e-08,4.260921292049322e-09,2.9783387938141823e-08,4.523345495226753e-09,1.0
04_top_k_selection,04_top_k_selection_cand010,100000,5,0.023821791633963585,0.0048992388443683706,2.881849805514018e-07,5.960976488915359e-08,2.91778196708858e-07,6.035760735803235e-08,1.0
04_top_k_selection,04_top_k_selection_cand010,1000000,5,0.1571878744289279,0.0011974572946239828,3.725452389982012e-06,2.648401252142673e-08,3.7933735856855908e-06,2.6963769112307802e-08,1.0
05_stable_sorting,05_stable_sorting_cand000,10000,5,0.006174166686832905,0.0014934677876827524,8.045434951782227e-08,2.0318860975710205e-08,7.956118222475052e-08,1.9641696069205656e-08,1.0
05_stable_sorting,05_stable_sorting_cand000,100000,5,0.04440537467598915,0.0014154130253737492,5.317462815178766e-07,1.6794135367231122e-08,5.399779610355696e-07,1.7184336652447752e-08,1.0
05_stable_sorting,05_stable_sorting_cand000,1000000,5,0.3783339997753501,0.0051447494187714,6.001716024345822e-06,1.6847396256289925e-06,6.033047734453777e-06,2.0779075222935588e-06,1.0
05_stable_sorting,05_stable_sorting_cand001,10000,5,0.006014875136315823,0.0005779052772191531,7.936788929833306e-08,7.605767990744828e-09,7.864573618670304e-08,7.676553170798309e-09,1.0
05_stable_sorting,05_stable_sorting_cand001,100000,5,0.04687920957803726,0.0032701440699238605,5.596930782000224e-07,3.8483785037785905e-08,5.690541403666139e-07,3.9319158292914714e-08,1.0
05_stable_sorting,05_stable_sorting_cand001,1000000,5,0.39173491671681404,0.0037639698531526946,6.131348179446327e-06,2.7985097871072873e-07,6.164609928002458e-06,2.9553696232330173e-07,1.0
05_stable_sorting,05_stable_sorting_cand002,10000,5,0.006545874290168285,0.0012492681040256388,8.595983187357584e-08,1.5357147178337682e-08,8.539195706248283e-08,1.5707246454091675e-08,1.0
05_stable_sorting,05_stable_sorting_cand002,100000,5,0.04093958344310522,0.002244520135849871,4.893067810270522e-07,2.7050357817691328e-08,4.971374634136757e-07,2.7483583215993116e-08,1.0
05_stable_sorting,05_stable_sorting_cand002,1000000,5,0.37280754279345274,0.005466512905018743,5.886652568976086e-06,2.5635908624962143e-06,5.915938844452798e-06,1.8393309299027063e-06,1.0
05_stable_sorting,05_stable_sorting_cand003,10000,5,0.004804166965186596,0.0007515749144714328,6.378591060638429e-08,9.122395137958542e-09,6.324507196843625e-08,9.24583431579909e-09,1.0
05_stable_sorting,05_stable_sorting_cand003,100000,5,0.03183408360928297,0.0010028098182126492,3.8246495856179136e-07,1.2067454433103411e-08,3.884826391344269e-07,1.2341004494616054e-08,1.0
05_stable_sorting,05_stable_sorting_cand003,1000000,5,0.23266985453665257,0.0033706702368842337,5.453488479057948e-06,1.3370811768728304e-06,5.5543206800155346e-06,1.362419856277746e-06,0.8
05_stable_sorting,05_stable_sorting_cand004,10000,5,0.004853417165577412,0.001136905473699903,6.319483121236166e-08,1.3981248378996833e-08,6.269295199513435e-08,1.4257207665089868e-08,1.0
05_stable_sorting,05_stable_sorting_cand004,100000,5,0.039361041970551014,0.0013010138106703578,4.7144773933622576e-07,1.5518783669732e-08,4.791760698651274e-07,1.5774597304047044e-08,1.0
05_stable_sorting,05_stable_sorting_cand004,1000000,5,0.373794624581933,0.007443028666931728,6.04042328066296e-06,9.719051252113138e-07,6.071791401090722e-06,1.3216167242506968e-06,1.0
05_stable_sorting,05_stable_sorting_cand005,10000,5,0.006013291887938976,0.000742333906624266,7.836586899227567e-08,9.642830749995755e-09,7.821642574767272e-08,9.739517450007942e-09,1.0
05_stable_sorting,05_stable_sorting_cand005,100000,5,0.04278533346951008,0.0006012280370284776,5.100705557399326e-07,8.013760186077511e-09,5.184954359059532e-07,8.144690140417673e-09,1.0
05_stable_sorting,05_stable_sorting_cand005,1000000,5,0.35652399994432926,0.006275399496488485,6.890505221154956e-06,1.8370725172781458e-06,6.978541684253018e-06,1.889489685260491e-06,1.0
05_stable_sorting,05_stable_sorting_cand006,10000,5,0.005858791060745716,0.0007828528678218765,7.657011349995932e-08,9.750555288471635e-09,7.619483819603921e-08,9.839239091204845e-09,1.0
05_stable_sorting,05_stable_sorting_cand006,100000,5,0.0379851246252656,0.002069787531805248,4.5544637574089903e-07,2.4630631149947876e-08,4.628323393483957e-07,2.5046640931596015e-08,1.0
05_stable_sorting,05_stable_sorting_cand006,1000000,5,0.2832089997828007,0.0032395462262093436,5.044772558742099e-06,1.50423864644213e-07,5.0978945375969015e-06,1.5359060553000094e-07,1.0
05_stable_sorting,05_stable_sorting_cand007,10000,5,0.005195791833102703,0.0014332646030865515,6.854269239637587e-08,1.7249446655359682e-08,6.85121906598409e-08,1.7440749082194542e-08,1.0
05_stable_sorting,05_stable_sorting_cand007,100000,5,0.040485916659235954,0.0009895831485715254,4.832946591907078e-07,1.2105152212204829e-08,4.910901000966628e-07,1.233387125095224e-08,1.0
05_stable_sorting,05_stable_sorting_cand007,1000000,5,0.3763835420832038,0.010205920333625359,5.889503823386299e-06,9.3090888243974e-07,5.917639495036999e-06,1.181877767490107e-06,1.0
05_stable_sorting,05_stable_sorting_cand008,10000,5,0.00578183401376009,0.0011065450679966548,7.645189762115479e-08,1.3754965194606134e-08,7.576860195696353e-08,1.405721027015888e-08,1.0
05_stable_sorting,05_stable_sorting_cand008,100000,5,0.03773416671901941,0.001011569406491254,4.5139888922373457e-07,1.2388245443960448e-08,4.587017872422933e-07,1.2608741182843782e-08,1.0
05_stable_sorting,05_stable_sorting_cand008,1000000,5,0.2868906669318676,0.0012997278508361865,5.1858294341299275e-06,3.723044887626008e-08,5.240549569675822e-06,3.8596494355617415e-08,1.0
05_stable_sorting,05_stable_sorting_cand009,10000,5,0.005570041015744209,0.000813466030884278,7.239033778508505e-08,1.0463442551581717e-08,7.192339582294226e-08,1.0477532043693598e-08,1.0
05_stable_sorting,05_stable_sorting_cand009,100000,5,0.04663125053048134,0.004381475183532434,5.583814448780484e-07,5.210108664237444e-08,5.676354129339258e-07,5.3172886245183804e-08,1.0
05_stable_sorting,05_stable_sorting_cand009,1000000,5,0.3819861253723502,0.005206757649173857,6.0832146141264175e-06,1.4343726466535688e-06,6.115245993923148e-06,7.62729119006029e-07,1.0
05_stable_sorting,05_stable_sorting_cand010,10000,5,0.008700334466993809,0.000856491547971223,1.1008431514104208e-07,1.1034608260603732e-08,1.1041187217086553e-07,1.084390988594614e-08,0.0
05_stable_sorting,05_stable_sorting_cand010,100000,5,0.08990899939090014,0.0008558065033802305,1.066394481394026e-06,1.0297297053389646e-08,1.0854002826516828e-06,1.0428201635843783e-08,0.0
05_stable_sorting,05_stable_sorting_cand010,1000000,5,0.8635466676205397,0.04895920379233812,1.0200518866380057e-05,5.854722600582115e-07,1.0312953475104272e-05,5.935006610672727e-07,0.0
05_stable_sorting,05_stable_sorting_cand011,10000,5,0.008916917257010937,0.001328400009886841,1.216694712638855e-07,1.3025969828463573e-08,1.188021561667323e-07,1.4603939537114813e-08,1.0
05_stable_sorting,05_stable_sorting_cand011,100000,5,0.05555887520313263,0.0018373531419899932,6.633289986186557e-07,2.250474037452196e-08,6.744283971344431e-07,2.2666505724733008e-08,1.0
05_stable_sorting,05_stable_sorting_cand011,1000000,5,0.3866222919896245,0.015203707798096044,5.932635731167264e-06,1.5497205314303948e-06,5.961926419583957e-06,1.5796414441157251e-06,1.0
05_stable_sorting,05_stable_sorting_cand012,10000,5,0.00778412539511919,0.0014442758416190714,1.041481892267863e-07,1.7439533066273525e-08,1.0226960004866124e-07,1.8087833333409823e-08,1.0
05_stable_sorting,05_stable_sorting_cand012,100000,5,0.05027041584253311,0.0025329026366269158,6.033034788237678e-07,2.9419695765965558e-08,6.130741166020433e-07,3.004786631633023e-08,1.0
05_stable_sorting,05_stable_sorting_cand012,1000000,5,0.39536783285439014,0.017060059835725498,6.4743853277630285e-06,1.7328483410007658e-06,6.5147525397847106e-06,1.766458926939493e-06,1.0
05_stable_sorting,05_stable_sorting_cand013,10000,5,0.007966834120452404,0.0009590881870921014,1.0452535417344836e-07,1.17856923929218e-08,1.0334763006369272e-07,1.189792808134578e-08,1.0
05_stable_sorting,05_stable_sorting_cand013,100000,5,0.054357958026230335,0.00614125226658997,6.489854719903733e-07,7.36446127911067e-08,6.600083076233666e-07,7.508745353054507e-08,1.0
05_stable_sorting,05_stable_sorting_cand013,1000000,5,0.3852772917598486,0.01167075065292016,6.104017794132232e-06,2.1470221150191097e-07,6.1378596027866e-06,2.152024935136172e-07,1.0
05_stable_sorting,05_stable_sorting_cand014,10000,5,0.009727958589792252,0.0008070306711876017,1.2611664003796048e-07,1.0248495093584864e-08,1.2530849436769885e-07,1.0248947311085363e-08,1.0
05_stable_sorting,05_stable_sorting_cand014,100000,5,0.05882095918059349,0.0013204458854192908,7.012875543700325e-07,1.5625067590463472e-08,7.134892134512464e-07,1.594236086900109e-08,1.0
05_stable_sorting,05_stable_sorting_cand014,1000000,5,0.39973479229956865,0.0018589251654874987,6.480211681789822e-06,2.1809138619483726e-07,6.520271362559e-06,2.2234157713540565e-07,1.0
05_stable_sorting,05_stable_sorting_cand015,10000,5,0.006595207378268242,0.0009963271861429003,8.814119630389744e-08,1.1787929259361057e-08,8.668532369186483e-08,1.2027944202744885e-08,1.0
05_stable_sorting,05_stable_sorting_cand015,100000,5,0.04863950051367283,0.002148219244215921,5.808677938249376e-07,2.5385844097894347e-08,5.906574466923872e-07,2.5842592259026342e-08,1.0
05_stable_sorting,05_stable_sorting_cand015,1000000,5,0.3017527908086777,0.005230597743277519,3.4917958908610872e-06,1.2232707080812794e-06,4.749414339056114e-06,1.7941275979960658e-06,1.0
05_stable_sorting,05_stable_sorting_cand016,10000,5,0.006994875147938728,0.001990094862610378,9.350031614303589e-08,2.4774428481702814e-08,9.226654955595731e-08,2.4836452554410784e-08,1.0
05_stable_sorting,05_stable_sorting_cand016,100000,5,0.048769292421638966,0.002561923792382982,5.813885066244338e-07,2.989567112169868e-08,5.908457810555896e-07,3.035107465049006e-08,1.0
05_stable_sorting,05_stable_sorting_cand016,1000000,5,0.28612041659653187,0.003885098655414124,4.847791128688388e-06,7.698179474872809e-07,4.8974891539623345e-06,7.841463986915567e-07,1.0
05_stable_sorting,05_stable_sorting_cand017,10000,5,0.017983291298151016,0.0013562524730839035,2.2076252433988785e-07,1.581740287300896e-08,2.2302929265250765e-07,1.6135073539955464e-08,1.0
05_stable_sorting,05_stable_sorting_cand017,100000,5,0.1051414581015706,0.004901844552006144,1.2468313177426656e-06,5.796319595463035e-08,1.269344973553717e-06,5.9088373254841253e-08,1.0
05_stable_sorting,05_stable_sorting_cand017,1000000,5,0.8219040837138891,0.0020127647405029088,9.552096327145895e-06,2.270022943166235e-06,1.0362515774312615e-05,2.710455743184107e-06,1.0
05_stable_sorting,05_stable_sorting_cand018,10000,5,0.011387459002435207,0.001543433674545877,1.4533797899882e-07,1.8803082901808327e-08,1.447067753136158e-07,1.9063395396094858e-08,0.0
05_stable_sorting,05_stable_sorting_cand018,100000,5,0.07684154063463211,0.0019535090153374236,9.134343928760953e-07,2.3302545466231787e-08,9.297667865301174e-07,2.375190297580938e-08,0.0
05_stable_sorting,05_stable_sorting_cand018,1000000,5,0.9437996670603752,0.003263377480721428,2.05215925971667e-05,1.1164259312018543e-07,2.0869974260862174e-05,1.137529524465849e-07,0.0
06_histogram,06_histogram_cand000,10000,5,0.002926207147538662,0.0006942312479461097,4.516972435845269e-08,9.048489524616443e-09,4.2896562155087785e-08,8.9670409200649e-09,1.0
06_histogram,06_histogram_cand000,100000,5,0.021076416596770287,0.00046736141702769207,2.5608374012841116e-07,5.970041416845749e-09,2.5930829078455765e-07,5.975316704541255e-09,1.0
06_histogram,06_histogram_cand000,1000000,5,0.11052237451076508,0.0029252206020756177,1.3119260470072428e-06,7.784980831812994e-07,1.3360185232520103e-06,7.928541231712735e-07,1.0
06_histogram,06_histogram_cand001,10000,5,0.0025399578735232353,0.0008456061105617179,3.9560099442799893e-08,1.2382388761162068e-08,3.716046950668097e-08,1.1579024576191666e-08,1.0
06_histogram,06_histogram_cand001,100000,5,0.0220557926222682,0.0007937090292773513,2.683275275760227e-07,9.125309837494663e-09,2.710958192725976e-07,9.3466003481321e-09,1.0
06_histogram,06_histogram_cand001,1000000,5,0.11408520862460136,0.0026821392633087993,2.7077234453625154e-06,6.358396289719111e-07,2.7299426610037684e-06,6.434185757977742e-07,1.0
06_histogram,06_histogram_cand002,10000,5,0.0019297078251838684,0.00047734150637372897,2.9559599028693306e-08,9.55457191086692e-09,2.797835717300574e-08,8.625144595832301e-09,1.0
06_histogram,06_histogram_cand002,100000,5,0.022690707817673683,0.0015093061218009658,2.778410911560059e-07,1.916453278454542e-08,2.807651922990879e-07,1.9083278918186824e-08,1.0
06_histogram,06_histogram_cand002,1000000,5,0.11304329242557287,0.004275234312853751,2.665267056889004e-06,7.498042056746282e-07,2.7137392027447627e-06,7.739990110589512e-07,1.0
06_histogram,06_histogram_cand003,10000,5,0.002847124822437763,0.0006968381807708863,4.518098301357693e-08,9.580120445642525e-09,4.276655835906665e-08,9.482041033016337e-09,1.0
06_histogram,06_histogram_cand003,100000,5,0.020837249234318733,0.0011963419771082093,2.540937728352017e-07,1.514962503588091e-08,2.5641183980355655e-07,1.5333535123585066e-08,1.0
06_histogram,06_histogram_cand003,1000000,5,0.10936545860022306,0.0043008417118935915,2.5961360997623866e-06,7.576001805040049e-07,2.643622010319928e-06,7.668021149725078e-07,1.0
06_histogram,06_histogram_cand004,10000,5,0.0020973747596144676,0.00027644076564667933,3.661033180024889e-08,4.360680303203207e-09,3.331790972004334e-08,3.7424610160270126e-09,1.0
06_histogram,06_histogram_cand004,100000,5,0.02753133326768875,0.003119821383043466,3.3596108357111616e-07,3.782538958692308e-08,3.394482941523195e-07,3.850654464033111e-08,1.0
06_histogram,06_histogram_cand004,1000000,5,0.12448304053395987,0.005250192172830578,2.882179121176402e-06,5.995609413206728e-07,2.896366662351787e-06,6.177301683103766e-07,1.0
06_histogram,06_histogram_cand005,10000,5,0.006384791806340218,0.0010634033776543603,8.219944106207954e-08,1.4067762872563735e-08,8.179127659598987e-08,1.4075586158746291e-08,1.0
06_histogram,06_histogram_cand005,100000,5,0.04747087508440018,0.0016597799450438178,5.67351778348287e-07,2.0176432384361363e-08,5.76502530696988e-07,2.046023626049935e-08,1.0
06_histogram,06_histogram_cand005,1000000,5,0.2449039164930582,0.0019550141410513873,3.4826988975207015e-06,7.019853176559686e-08,3.4819081015422943e-06,4.538879680609024e-08,1.0
06_histogram,06_histogram_cand006,10000,5,0.0017103757709264755,0.001241559727634201,3.0916266971164285e-08,1.698670234166715e-08,2.8104272600015007e-08,1.6726398872957735e-08,1.0
06_histogram,06_histogram_cand006,100000,5,0.019534832797944546,0.0029694458780070683,2.3783908949957955e-07,3.692445817349947e-08,2.4014008359710377e-07,3.746500119008315e-08,1.0
06_histogram,06_histogram_cand006,1000000,5,0.11020458303391933,0.0010187797169042077,2.5705001420444913e-06,7.119071520084359e-07,2.6175851847286027e-06,7.194907323858761e-07,1.0
06_histogram,06_histogram_cand007,10000,5,0.0029351254925131798,0.000714674195194228,4.528794023725721e-08,9.306719224926145e-09,4.281165718932946e-08,9.157105326394019e-09,1.0
06_histogram,06_histogram_cand007,100000,5,0.02253333292901516,0.00202167691827068,2.74007519086202e-07,2.4961193911516513e-08,2.7747712944447994e-07,2.513047428405337e-08,1.0
06_histogram,06_histogram_cand007,1000000,5,0.11015079263597727,0.007670078830057935,1.306355827384525e-06,8.384279548821227e-07,1.3301613324796162e-06,8.513019994977937e-07,1.0
06_histogram,06_histogram_cand008,10000,5,0.006371290422976017,0.0014777851488431246,8.637077278561064e-08,1.957145341150285e-08,8.461805099348228e-08,1.9390539412105434e-08,1.0
06_histogram,06_histogram_cand008,100000,5,0.04693779069930315,0.001347006303081784,5.611172980732389e-07,1.571929755892568e-08,5.702194523061316e-07,1.613491287416497e-08,1.0
06_histogram,06_histogram_cand008,1000000,5,0.24398829136043787,0.0017014284248873276,3.484080897437202e-06,7.613003124280898e-08,3.485190570620696e-06,7.735543507939037e-08,1.0
06_histogram,06_histogram_cand009,10000,5,0.002872167155146599,0.00027422629741363075,4.453923967149523e-08,3.617672148988465e-09,4.275762099424998e-08,3.62611368468052e-09,1.0
06_histogram,06_histogram_cand009,100000,5,0.021749166771769524,0.00190206005821417,2.644770675235325e-07,2.3545654369620608e-08,2.6745964288910233e-07,2.3669465403345444e-08,1.0
06_histogram,06_histogram_cand009,1000000,5,0.10990383289754391,0.0029596934720899784,1.3042307562298247e-06,7.78755024362274e-07,1.3278939198563498e-06,7.93000638546113e-07,1.0
06_histogram,06_histogram_cand010,10000,5,0.0029447078704833984,0.0007514413280636494,4.348092608981663e-08,1.0424816161007268e-08,4.186325065692266e-08,1.0086842337034046e-08,1.0
06_histogram,06_histogram_cand010,100000,5,0.02270958386361599,0.0020991428717947193,2.7725564108954536e-07,2.4908907753488116e-08,2.806075207034747e-07,2.5287514866332634e-08,1.0
06_histogram,06_histogram_cand010,1000000,5,0.11534066777676344,0.003148618683751718,2.7353803316752115e-06,6.414784241860418e-07,2.785529789960384e-06,6.530730838284869e-07,1.0
06_histogram,06_histogram_cand011,10000,5,0.0029267091304063797,0.0007903554349588749,4.5960644880930587e-08,1.0417672773575184e-08,4.128221101909876e-08,1.0181587794855629e-08,1.0
06_histogram,06_histogram_cand011,100000,5,0.02210554201155901,0.002300024580631702,2.7005291647381255e-07,2.9662502979804898e-08,2.732039122755329e-07,2.9909090578900276e-08,1.0
06_histogram,06_histogram_cand011,1000000,5,0.1097507905215025,0.004707645746150795,1.3020606504546273e-06,8.058202589066325e-07,1.3257707727814713e-06,8.205191497213803e-07,1.0
06_histogram,06_histogram_cand012,10000,5,0.003040415234863758,0.0006621518924957436,4.6326551172468396e-08,7.543129683928822e-09,4.3472974646588165e-08,7.54671899514818e-09,1.0
06_histogram,06_histogram_cand012,100000,5,0.021376166492700577,0.001289467157961594,2.651751041412354e-07,1.6196755051538733e-08,2.6768567581772806e-07,1.6493231572556816e-08,1.0
06_histogram,06_histogram_cand012,1000000,5,0.11077770963311195,0.002105029924526961,1.3274545470873515e-06,5.882939603825324e-07,1.3516674211934208e-06,5.990795663259232e-07,1.0
06_histogram,06_histogram_cand013,10000,5,0.0031365426257252693,0.0006498781278086807,5.220356914732191e-08,9.195638517218478e-09,4.8174789166947205e-08,8.83175508518075e-09,1.0
06_histogram,06_histogram_cand013,100000,5,0.019867749884724617,0.0013190204859362092,2.424241767989265e-07,1.5720847849358397e-08,2.4513336079667015e-07,1.5867723085266043e-08,1.0
06_histogram,06_histogram_cand013,1000000,5,0.10917362477630377,0.002923539438906184,1.2941120399369135e-06,6.373121230364603e-07,1.317506689447661e-06,6.491034072652396e-07,1.0
06_histogram,06_histogram_cand014,10000,5,0.0059857917949557304,0.0012826134208922795,8.195456531312732e-08,1.7308536924253504e-08,8.058487496326368e-08,1.7011473198939387e-08,1.0
06_histogram,06_histogram_cand014,100000,5,0.04454545769840479,0.0027783425877753944,5.332324239942763e-07,3.2785318707658e-08,5.416505793531736e-07,3.352391167727804e-08,1.0
06_histogram,06_histogram_cand014,1000000,5,0.24578299932181835,0.003760285048750202,2.676244245635139e-06,4.4397243079859875e-07,2.662497487116854e-06,4.5242092455426447e-07,1.0
06_histogram,06_histogram_cand015,10000,5,0.005798958241939545,0.0005435672802722535,7.931441068649292e-08,8.176991891428741e-09,7.684636258333922e-08,7.982314301813009e-09,1.0
06_histogram,06_histogram_cand015,100000,5,0.04610370844602585,0.0020197486030097776,5.537991722424825e-07,2.4028145448182386e-08,5.625278674051166e-07,2.424454340838091e-08,1.0
06_histogram,06_histogram_cand015,1000000,5,0.24314620811492205,0.001447369616514527,2.648587359322442e-06,4.294688915097495e-07,2.6342491708179314e-06,4.372165839788097e-07,1.0
06_histogram,06_histogram_cand016,10000,5,0.0022648749873042107,0.000676622429729486,3.808240095774333e-08,1.1611338708284418e-08,3.478603035509586e-08,1.0491865940462715e-08,1.0
06_histogram,06_histogram_cand016,100000,5,0.023105707950890064,0.003913443202136682,2.8200116422441275e-07,4.8415744358570275e-08,2.854828532109658e-07,4.872030201588232e-08,1.0
06_histogram,06_histogram_cand016,1000000,5,0.11155375000089407,0.003078443446507176,1.362635029686822e-06,5.893442438339072e-07,1.387307080813249e-06,6.001983948279799e-07,1.0
07_string_deduplication,07_string_deduplication_cand000,10000,5,0.013664333149790764,0.0017089256999714738,1.6991843779881798e-07,2.015960364997727e-08,1.7117863189131023e-07,2.1237383433594203e-08,1.0
07_string_deduplication,07_string_deduplication_cand000,100000,5,0.08084316551685333,0.0017043032204520907,9.60757335027059e-07,1.9497196226424386e-08,9.779213240087033e-07,1.9943002580568107e-08,1.0
07_string_deduplication,07_string_deduplication_cand000,1000000,5,0.4906557919457555,0.005675689049676152,7.137455377313826e-06,6.129642687930947e-07,7.128115599489709e-06,6.317620711101106e-07,1.0
07_string_deduplication,07_string_deduplication_cand001,10000,5,0.0035675829276442528,0.0007959160707364973,5.6177874406178796e-08,1.1691835298614198e-08,5.3029426287114624e-08,1.057385505609566e-08,1.0
07_string_deduplication,07_string_deduplication_cand001,100000,5,0.023498707450926304,0.0025397299305037735,2.8481301334169176e-07,3.1648712346612746e-08,2.8811695133397976e-07,3.216994838044276e-08,1.0
07_string_deduplication,07_string_deduplication_cand001,1000000,5,0.0915113752707839,0.0038028668351283604,1.0891679260465834e-06,4.4300521673745164e-08,1.1085292795528968e-06,4.52365480601918e-08,1.0
07_string_deduplication,07_string_deduplication_cand002,10000,5,0.0022982079535722733,0.0008577477310139265,3.651463323169285e-08,1.3469712903951508e-08,3.469770256876946e-08,1.2953565271219925e-08,1.0
07_string_deduplication,07_string_deduplication_cand002,100000,5,0.0201646676287055,0.0023623932534941323,2.4777485264672175e-07,2.7362536589466582e-08,2.5089157500763737e-07,2.7973870279734753e-08,1.0
07_string_deduplication,07_string_deduplication_cand002,1000000,5,0.0794320423156023,0.004812008688121765,9.449192219310337e-07,5.735088506985675e-08,9.616024723266562e-07,5.835825700219846e-08,1.0
07_string_deduplication,07_string_deduplication_cand003,10000,5,0.0024716248735785484,0.000683750941629416,4.2191810078091095e-08,1.0695318196894067e-08,3.907552176813285e-08,1.0095073509150478e-08,1.0
07_string_deduplication,07_string_deduplication_cand003,100000,5,0.02099991776049137,0.002537385817833179,2.573981881141663e-07,3.0180660062093704e-08,2.601487675443292e-07,3.083671137360841e-08,1.0
07_string_deduplication,07_string_deduplication_cand003,1000000,5,0.07054137531667948,0.0037125591726474326,8.404501610332065e-07,4.3809825274014557e-08,8.551388712202509e-07,4.466916884908735e-08,1.0
07_string_deduplication,07_string_deduplication_cand004,10000,5,0.0020792922005057335,0.0005790184015686765,3.6680698394775394e-08,9.602001093035946e-09,3.455793739557266e-08,9.202409101163706e-09,1.0
07_string_deduplication,07_string_deduplication_cand004,100000,5,0.0194782093167305,0.004909357939175215,2.413292725880941e-07,5.892488110480934e-08,2.4355821363329887e-07,5.982714060234285e-08,1.0
07_string_deduplication,07_string_deduplication_cand004,1000000,5,0.07169012445956469,0.0016954021805233755,8.557168973816765e-07,2.0853356482144973e-08,8.706838009869059e-07,2.1225433238297515e-08,1.0
07_string_deduplication,07_string_deduplication_cand005,10000,5,0.014172250404953957,0.00221458653406934,1.7510023381974962e-07,2.7445789704309423e-08,1.758398321102063e-07,2.7495194819239627e-08,1.0
07_string_deduplication,07_string_deduplication_cand005,100000,5,0.07899208273738623,0.0008022250315015343,9.409139553705853e-07,9.238837405808765e-09,9.575773145705462e-07,9.55159806189612e-09,1.0
07_string_deduplication,07_string_deduplication_cand005,1000000,5,0.4877693336457014,0.0063004118742175964,5.6991537412007665e-06,6.567457155990266e-07,5.708929651463031e-06,6.635620468764984e-07,1.0
07_string_deduplication,07_string_deduplication_cand006,10000,5,0.003177708014845848,0.0005049802059289475,5.173352029588487e-08,6.976189578096869e-09,4.835906685392061e-08,7.070255885859746e-09,1.0
07_string_deduplication,07_string_deduplication_cand006,100000,5,0.021671374328434467,0.0030367055637584364,2.646459473503961e-07,3.6456031545781655e-08,2.675602357824643e-07,3.699997891760024e-08,1.0
07_string_deduplication,07_string_deduplication_cand006,1000000,5,0.0912101250141859,0.0025805163567257663,1.0845518774456448e-06,2.990484878555234e-08,1.1038071816513936e-06,3.047758944394991e-08,1.0
07_string_deduplication,07_string_deduplication_cand007,10000,5,0.0024102916941046715,0.0003676388248763855,4.206233554416233e-08,6.06990953270078e-09,3.861955769856772e-08,5.48486186022728e-09,1.0
07_string_deduplication,07_string_deduplication_cand007,100000,5,0.023004790768027306,0.005908710150138014,2.8268512752321035e-07,7.237254404267688e-08,2.8623002641747393e-07,7.305958785151914e-08,1.0
07_string_deduplication,07_string_deduplication_cand007,1000000,5,0.07126345951110125,0.001065096638739701,8.493867185380725e-07,1.3245706434954918e-08,8.64088707147042e-07,1.3480386203339316e-08,1.0
07_string_deduplication,07_string_deduplication_cand008,10000,5,0.0023100823163986206,0.0005170953753530913,4.4010082880655935e-08,7.156265642496923e-09,3.976837354451418e-08,7.474602732406043e-09,1.0
07_string_deduplication,07_string_deduplication_cand008,100000,5,0.020381459034979343,0.0021353749939905875,2.492609951231215e-07,2.7303519289252712e-08,2.5231166522999604e-07,2.7492381111652887e-08,1.0
07_string_deduplication,07_string_deduplication_cand008,1000000,5,0.08430679142475128,0.0018895256477598074,1.003272831439972e-06,2.2649617757063038e-08,1.0210659297302367e-06,2.309333205272519e-08,1.0
07_string_deduplication,07_string_deduplication_cand009,10000,5,0.002476249821484089,0.00047053506448987867,4.059871037801107e-08,6.5930537449831765e-09,3.779896816015244e-08,6.404965334027335e-09,1.0
07_string_deduplication,07_string_deduplication_cand009,100000,5,0.0227658748626709,0.001954715764386995,2.7503487136628895e-07,2.33634304523934e-08,2.784677349175016e-07,2.3795753655924365e-08,1.0
07_string_deduplication,07_string_deduplication_cand009,1000000,5,0.09052137471735477,0.004787477639545339,1.07697198788325e-06,5.8286026431757725e-08,1.0960846487477422e-06,5.928072631403892e-08,1.0
07_string_deduplication,07_string_deduplication_cand010,10000,5,0.015700540505349636,0.002119057313422532,1.9953714476691354e-07,2.8980192695226065e-08,1.7464637697935106e-07,8.745336402877664e-08,1.0
07_string_deduplication,07_string_deduplication_cand010,100000,5,0.07837954256683588,0.0014030127272339733,9.325909945699904e-07,1.5549500378154835e-08,9.488541771208247e-07,1.5779494864094947e-08,1.0
07_string_deduplication,07_string_deduplication_cand010,1000000,5,0.4701903751119971,0.0051433717565103,5.4360192683007985e-06,9.27036194964047e-08,5.443086213737726e-06,1.0066155052683546e-07,1.0
07_string_deduplication,07_string_deduplication_cand011,10000,5,0.0023965006694197655,0.00020438032842555362,4.2217142052120636e-08,4.206174168056817e-09,3.8740529051423074e-08,3.5777813789248827e-09,1.0
07_string_deduplication,07_string_deduplication_cand011,100000,5,0.025604083202779293,0.0049361801622360675,3.141952885521783e-07,5.895746116287144e-08,3.175864697953065e-07,6.001415990494336e-08,1.0
07_string_deduplication,07_string_deduplication_cand011,1000000,5,0.08591204229742289,0.006442749278965638,1.0224800970819262e-06,7.756545424264407e-08,1.0405107198352616e-06,7.897738461880105e-08,1.0
07_string_deduplication,07_string_deduplication_cand012,10000,5,0.002721625380218029,0.0008206135697672569,4.534704817665948e-08,1.336200089923182e-08,4.2328801793356735e-08,1.228608551177315e-08,1.0
07_string_deduplication,07_string_deduplication_cand012,100000,5,0.019379707984626293,0.005593201568065903,2.3614466190338135e-07,6.669510292293032e-08,2.3851231056749826e-07,6.774979614229412e-08,1.0
07_string_deduplication,07_string_deduplication_cand012,1000000,5,0.0788487084209919,0.005424903716958164,9.39827495151096e-07,6.324129111302769e-08,9.562526513179145e-07,6.447144781942132e-08,1.0
07_string_deduplication,07_string_deduplication_cand013,10000,5,0.0024712923914194107,0.0008161908243413679,3.887613614400228e-08,1.2768497498910425e-08,3.765616047978401e-08,1.2346427627561611e-08,1.0
07_string_deduplication,07_string_deduplication_cand013,100000,5,0.02298683300614357,0.003747074631938701,2.8006467554304336e-07,4.543461953757929e-08,2.833056857873996e-07,4.620368355949061e-08,1.0
07_string_deduplication,07_string_deduplication_cand013,1000000,5,0.08945666719228029,0.003680258967375172,1.06526298655404e-06,4.370114435638221e-08,1.0841757685934505e-06,4.451195448893401e-08,1.0
07_string_deduplication,07_string_deduplication_cand014,10000,5,0.0024767909198999405,0.0007062915233830015,4.2749113506740995e-08,1.0825872444096692e-08,3.9485214374462765e-08,9.850779789344823e-09,1.0
07_string_deduplication,07_string_deduplication_cand014,100000,5,0.021757707931101322,0.0025756955936989717,2.639816866980659e-07,3.169765027073385e-08,2.6664906827012694e-07,3.217644616078311e-08,1.0
07_string_deduplication,07_string_deduplication_cand014,1000000,5,0.07259687501937151,0.005198213170446171,8.651685383584765e-07,6.228147583963676e-08,8.801128793324033e-07,6.345706844913068e-08,1.0
07_string_deduplication,07_string_deduplication_cand015,10000,5,0.014222540892660618,0.0018521814705379947,1.8260694212383695e-07,2.3480664731843063e-08,1.8158774616668621e-07,2.3187383654687525e-08,1.0
07_string_deduplication,07_string_deduplication_cand015,100000,5,0.07578745763748884,0.006222657203564007,9.014354811774361e-07,7.391606592269063e-08,9.172652513330182e-07,7.513332410892363e-08,1.0
07_string_deduplication,07_string_deduplication_cand015,1000000,5,0.4743585828691721,0.007710510675556786,5.605462027920618e-06,6.37357313536673e-07,5.613834774563212e-06,6.308587837371107e-07,1.0
07_string_deduplication,07_string_deduplication_cand016,10000,5,0.0020019160583615303,0.00031560445391864555,3.467384311887953e-08,4.282162911242626e-09,3.26726446573933e-08,3.859659949991838e-09,1.0
07_string_deduplication,07_string_deduplication_cand016,100000,5,0.020328707993030548,0.00447987834104159,2.4953683217366536e-07,5.325941002747467e-08,2.5202988469600683e-07,5.4129915648149206e-08,1.0
07_string_deduplication,07_string_deduplication_cand016,1000000,5,0.07724266685545444,0.004746766807072201,9.233588973681132e-07,5.642863259548331e-08,9.39262419719994e-07,5.743365581654006e-08,1.0
07_string_deduplication,07_string_deduplication_cand017,10000,5,0.00262525025755167,0.0008080520140463202,4.5392082797156445e-08,9.791395617611291e-09,4.2555722119907544e-08,1.0049178328818346e-08,1.0
07_string_deduplication,07_string_deduplication_cand017,100000,5,0.024945374578237534,0.0053255582091171995,3.046676516532898e-07,6.404603377807391e-08,3.0828531936854126e-07,6.479978649724819e-08,1.0
07_string_deduplication,07_string_deduplication_cand017,1000000,5,0.09101724997162819,0.005658590789139359,1.0828546351856657e-06,6.716346829486818e-08,1.1020578826452296e-06,6.84048139275715e-08,1.0
07_string_deduplication,07_string_deduplication_cand018,10000,5,0.0024728337302803993,0.000604085952697299,4.1493773460388186e-08,1.0377395990818864e-08,3.866541715562344e-08,9.767934648598127e-09,1.0
07_string_deduplication,07_string_deduplication_cand018,100000,5,0.028859082609415054,0.0018498570864932827,3.520271844334073e-07,2.2699265012971223e-08,3.5640716574142375e-07,2.2803629064985858e-08,1.0
07_string_deduplication,07_string_deduplication_cand018,1000000,5,0.09092654101550579,0.00576646902759863,1.0823789570066664e-06,6.921648570923771e-08,1.101542732303341e-06,7.036788559079078e-08,1.0
08_json_parsing_filtering,08_json_parsing_filtering_cand000,10000,5,4.1958875954151154e-05,7.380154713410754e-06,1.316136784023709e-08,3.87346417079259e-09,9.788062498966854e-09,2.6158729115496744e-09,0.0
08_json_parsing_filtering,08_json_parsing_filtering_cand000,100000,5,3.5458244383335114e-05,6.718904919909548e-06,1.3592011398739286e-08,2.236358511918362e-09,9.860163580377897e-09,1.65641835178047e-09,0.0
08_json_parsing_filtering,08_json_parsing_filtering_cand000,1000000,5,4.145875573158264e-05,5.472305218064884e-06,1.396917634540134e-08,1.6918182826931645e-09,9.82474689533313e-09,1.2607977359773292e-09,0.0
08_json_parsing_filtering,08_json_parsing_filtering_cand001,10000,5,0.015847000293433666,0.002768804500236447,1.9601881504058838e-07,3.319169058421366e-08,1.977313050657511e-07,3.36590920290697e-08,1.0
08_json_parsing_filtering,08_json_parsing_filtering_cand001,100000,5,0.059583792462944984,0.0039002955158234038,7.111782828966777e-07,4.656243905008048e-08,7.234996008232236e-07,4.75011069094666e-08,1.0
08_json_parsing_filtering,08_json_parsing_filtering_cand001,1000000,5,0.3424506252631545,0.002530295645646036,4.007180531819662e-06,2.9502271422531055e-08,4.0341484915733345e-06,2.946855719632229e-08,1.0
08_json_parsing_filtering,08_json_parsing_filtering_cand002,10000,5,0.02057558298110962,0.0035491771104961298,2.552731169594659e-07,4.4485749688803747e-08,2.5770488950510823e-07,4.4483588692044914e-08,1.0
08_json_parsing_filtering,08_json_parsing_filtering_cand002,100000,5,0.06161979027092457,0.0030933784883416474,7.344330350557964e-07,3.68776905622979e-08,7.472346746608616e-07,3.7583366910176994e-08,1.0
08_json_parsing_filtering,08_json_parsing_filtering_cand002,1000000,5,0.3577497499063611,0.005864463381413774,4.076103203826481e-06,1.063278339467384e-07,4.103373437077303e-06,1.0827243195960197e-07,1.0
08_json_parsing_filtering,08_json_parsing_filtering_cand003,10000,5,0.020151542499661446,0.002865121452550369,2.584452430407206e-07,3.737273125305333e-08,2.562108124807477e-07,3.665149804028907e-08,1.0
08_json_parsing_filtering,08_json_parsing_filtering_cand003,100000,5,0.06318704225122929,0.0032892501285755097,7.546001010470921e-07,3.8753836457343096e-08,7.675875422318777e-07,3.9552551068020064e-08,1.0
08_json_parsing_filtering,08_json_parsing_filtering_cand003,1000000,5,0.3399995844811201,0.004176746932945501,3.9392908414204916e-06,5.303662390041846e-08,3.963747537815571e-06,5.403088955639182e-08,1.0
08_json_parsing_filtering,08_json_parsing_filtering_cand004,10000,5,0.01647950056940317,0.002809834924620373,2.0349174737930298e-07,3.688683334601096e-08,2.051546897903085e-07,3.616885471652047e-08,1.0
08_json_parsing_filtering,08_json_parsing_filtering_cand004,100000,5,0.06121137458831072,0.0032441750354355674,7.308950026830037e-07,3.972253461261136e-08,7.434878746181726e-07,4.048873349996032e-08,1.0
08_json_parsing_filtering,08_json_parsing_filtering_cand004,1000000,5,0.3354594577103853,0.0023645555388634894,3.9025735523965625e-06,6.385470501063781e-08,3.9276721341217555e-06,6.543168026160855e-08,1.0
08_json_parsing_filtering,08_json_parsing_filtering_cand005,10000,5,0.02037824969738722,0.0028051381748355544,2.54622929626041e-07,3.4671468977572136e-08,2.5537808460642894e-07,3.499375270131065e-08,1.0
08_json_parsing_filtering,08_json_parsing_filtering_cand005,100000,5,0.06842595804482698,0.011966556734509755,8.152814375029671e-07,1.413807281256088e-07,8.291537365580599e-07,1.4408469457347057e-07,1.0
08_json_parsing_filtering,08_json_parsing_filtering_cand005,1000000,5,0.3602607920765877,0.0012891783064005386,4.171753923098247e-06,7.182403951922538e-08,4.137067571824789e-06,1.8535246450492453e-06,1.0
08_json_parsing_filtering,08_json_parsing_filtering_cand006,10000,5,0.020657791756093502,0.0018428382349387094,2.5894625319374935e-07,2.377423399867084e-08,2.542315664872527e-07,1.119611149334734e-07,1.0
08_json_parsing_filtering,08_json_parsing_filtering_cand006,100000,5,0.059496209025382996,0.003096162017736486,7.114513052834405e-07,3.772947457579951e-08,7.237002319862444e-07,3.8690071781442717e-08,1.0
08_json_parsing_filtering,08_json_parsing_filtering_cand006,1000000,5,0.34053175058215857,0.0037753125013422696,3.955936763021681e-06,6.148459225485189e-08,3.981802314149341e-06,6.222217122626047e-08,1.0
08_json_parsing_filtering,08_json_parsing_filtering_cand007,10000,5,0.018919500522315502,0.003942587666730761,2.3870882060792715e-07,5.007052916439562e-08,2.386227757627766e-07,4.9713996369740294e-08,1.0
08_json_parsing_filtering,08_json_parsing_filtering_cand007,100000,5,0.06710341665893793,0.0024245228559528825,8.041719595591227e-07,2.8276082827808354e-08,8.182147981822492e-07,2.883667703320728e-08,1.0
08_json_parsing_filtering,08_json_parsing_filtering_cand007,1000000,5,0.36049412470310926,0.0038293335343401328,4.203286601437463e-06,8.058850860049811e-08,4.234130412087342e-06,8.187630268636715e-08,1.0
08_json_parsing_filtering,08_json_parsing_filtering_cand008,10000,5,0.02119504287838936,0.0044456105986901044,2.690368228488499e-07,5.5585772458445034e-08,2.6755605233510335e-07,5.577185621770974e-08,1.0
08_json_parsing_filtering,08_json_parsing_filtering_cand008,100000,5,0.06642745900899172,0.0023996989070478696,7.925305101606581e-07,2.89635019908223e-08,8.063990948100884e-07,2.950091853652328e-08,1.0
08_json_parsing_filtering,08_json_parsing_filtering_cand008,1000000,5,0.34501462522894144,0.0042696133071961915,3.9392767681015865e-06,1.1347860057766064e-07,3.964979103518029e-06,1.160003571867412e-07,1.0
08_json_parsing_filtering,08_json_parsing_filtering_cand009,10000,5,0.020239458419382572,0.0015408850022745316,2.532409297095405e-07,1.727981395138516e-08,2.537527677675088e-07,1.1506009767690971e-07,1.0
08_json_parsing_filtering,08_json_parsing_filtering_cand009,100000,5,0.0630333749577403,0.004083142691603831,7.528381215201483e-07,4.8574124621235776e-08,7.61648346383373e-07,3.3839902655193003e-07,1.0
08_json_parsing_filtering,08_json_parsing_filtering_cand009,1000000,5,0.3374723754823208,0.007570814115795349,3.794377876652612e-06,1.748903673537543e-07,3.822031087506314e-06,1.784092367050599e-07,1.0
08_json_parsing_filtering,08_json_parsing_filtering_cand010,10000,5,0.017325415275990963,0.0028986540783766,2.1451678540971545e-07,3.748095920003969e-08,2.1669671013454597e-07,3.676211777442461e-08,1.0
08_json_parsing_filtering,08_json_parsing_filtering_cand010,100000,5,0.06687837466597557,0.0034771540616203626,7.981373204125299e-07,4.1419950529891954e-08,8.119528113385043e-07,4.21856379449399e-08,1.0
08_json_parsing_filtering,08_json_parsing_filtering_cand010,1000000,5,0.33978087548166513,0.003679487144054894,3.930213550726573e-06,9.513022654927524e-08,3.954613218198716e-06,9.693476762013768e-08,1.0
08_json_parsing_filtering,08_json_parsing_filtering_cand011,10000,5,0.019762915559113026,0.000911526831990498,2.471499972873264e-07,1.2030907282165953e-08,2.479516573746999e-07,1.1787113689924146e-08,1.0
08_json_parsing_filtering,08_json_parsing_filtering_cand011,100000,5,0.06614920776337385,0.0012993143049960575,7.902281151877511e-07,1.57835145766677e-08,8.037517015645903e-07,1.5986407997878956e-08,1.0
08_json_parsing_filtering,08_json_parsing_filtering_cand011,1000000,5,0.33978829253464937,0.006124287535466663,3.969382411903806e-06,6.724132352967482e-08,3.994554428335528e-06,6.853707438577297e-08,1.0
08_json_parsing_filtering,08_json_parsing_filtering_cand012,10000,5,0.015825707465410233,0.001377375317342444,2.0069397158092925e-07,1.820471370568424e-08,2.000187792206804e-07,1.7336997861416507e-08,1.0
08_json_parsing_filtering,08_json_parsing_filtering_cand012,100000,5,0.06936258263885975,0.0030674442831547665,8.278545406129626e-07,3.635512351466946e-08,8.420861509869497e-07,3.7030820409706255e-08,1.0
08_json_parsing_filtering,08_json_parsing_filtering_cand012,1000000,5,0.3645219998434186,0.004920053505609732,4.2209458019998344e-06,5.7345125354729595e-08,4.2520828841174645e-06,5.823957991792048e-08,1.0
08_json_parsing_filtering,08_json_parsing_filtering_cand013,10000,5,0.016920999623835087,0.0026401221814490936,2.0680742131339179e-07,3.414421549333097e-08,2.0837618195414543e-07,1.0012771692213312e-07,1.0
08_json_parsing_filtering,08_json_parsing_filtering_cand013,100000,5,0.05876445863395929,0.004145812564238253,7.021966907713149e-07,4.9304170415987764e-08,7.142559094121059e-07,5.0287070824589534e-08,1.0
08_json_parsing_filtering,08_json_parsing_filtering_cand013,1000000,5,0.33643879275768995,0.005928102650476764,3.888125883208381e-06,1.2968534923703405e-07,3.913145921326677e-06,1.321522374870366e-07,1.0
08_json_parsing_filtering,08_json_parsing_filtering_cand014,10000,5,0.021754042245447636,0.002013884191139779,2.716234988636441e-07,2.368253226383084e-08,2.664754393582543e-07,1.2160511141508991e-07,1.0
08_json_parsing_filtering,08_json_parsing_filtering_cand014,100000,5,0.07165641617029905,0.002207999593530782,8.551455206341215e-07,2.6144781396037907e-08,8.679692031949758e-07,3.8344343321104796e-07,1.0
08_json_parsing_filtering,08_json_parsing_filtering_cand014,1000000,5,0.3829081663861871,0.0014819537622584394,4.417851236131456e-06,5.368592575580104e-07,4.451584785739581e-06,5.46535909767296e-07,1.0
08_json_parsing_filtering,08_json_parsing_filtering_cand015,10000,5,0.020510416477918625,0.004763969218105014,2.56497495704227e-07,5.9345081997056394e-08,2.571331358527144e-07,5.968920394821649e-08,1.0
08_json_parsing_filtering,08_json_parsing_filtering_cand015,100000,5,0.06801787484437227,0.0011107488416804846,8.112874295976428e-07,1.3114972114218525e-08,8.254153984884422e-07,1.3332972914092888e-08,1.0
08_json_parsing_filtering,08_json_parsing_filtering_cand015,1000000,5,0.3622696250677109,0.0023054617600035262,4.195779893133376e-06,5.293130740502332e-08,4.226570685010156e-06,5.363477089729714e-08,1.0
08_json_parsing_filtering,08_json_parsing_filtering_cand016,10000,5,0.021028541959822178,0.004570199484056334,2.63145731555091e-07,5.644870823575193e-08,2.6405385719190045e-07,5.6947222117757814e-08,1.0
08_json_parsing_filtering,08_json_parsing_filtering_cand016,100000,5,0.06836733408272266,0.002992926373924637,8.157768183284336e-07,3.561594741162018e-08,8.30047980124255e-07,3.634669071227496e-08,1.0
08_json_parsing_filtering,08_json_parsing_filtering_cand016,1000000,5,0.35243900027126074,0.0038188740472262623,4.078748987780678e-06,6.823156476058165e-08,4.106229273756842e-06,6.995325407294138e-08,1.0
09_bfs,09_bfs_cand000,10000,5,0.008626666851341724,0.0011894566138628034,1.1965980132420858e-07,1.493081887511003e-08,1.1641654530912636e-07,1.4847512205045317e-08,1.0
09_bfs,09_bfs_cand000,100000,5,0.05436120741069317,0.0033888354709394972,6.502971053123474e-07,4.048203897294794e-08,6.605401442155243e-07,4.1259475071305326e-08,1.0
09_bfs,09_bfs_cand000,1000000,5,0.32550512440502644,0.004873007482363712,3.742157419522604e-06,8.357110658999839e-08,3.715167380860448e-06,8.519608472735143e-08,1.0
09_bfs,09_bfs_cand001,10000,5,0.035460082814097404,0.0012020585789287962,4.2954583962758384e-07,1.4118705578835642e-08,4.3531498539745806e-07,1.4517970998551721e-08,1.0
09_bfs,09_bfs_cand001,100000,5,0.15233212523162365,0.005038098590302842,1.7392989661958485e-06,4.140268350372122e-08,1.7240049643288056e-06,4.2092855207622786e-08,1.0
09_bfs,09_bfs_cand001,1000000,5,1.239318374544382,0.005072883999468595,1.4310119383864933e-05,9.173868904784135e-07,1.412993867539118e-05,6.713564354271726e-06,1.0
09_bfs,09_bfs_cand002,10000,5,0.006666459143161774,0.0021031828387856996,8.706318007575142e-08,2.7501460361444507e-08,8.632156977454822e-08,2.6917006478356534e-08,1.0
09_bfs,09_bfs_cand002,100000,5,0.054849542677402496,0.005227117826267525,6.58890273835924e-07,6.2370461187311e-08,6.69360641894738e-07,6.35260817105063e-08,1.0
09_bfs,09_bfs_cand002,1000000,5,0.34912037570029497,0.005843939863908665,3.9848940240012274e-06,8.216279919891309e-08,3.962446137065689e-06,8.343496181063808e-08,1.0
09_bfs,09_bfs_cand003,10000,5,0.6256108339875937,0.0014466606407058259,7.300610178046757e-06,1.724051889701175e-08,7.359968638331692e-06,2.439118382035236e-08,1.0
09_bfs,09_bfs_cand003,100000,5,58.38564612530172,0.08077305756134788,0.0006816611571444399,1.9756881874277614e-06,0.000685890788172819,3.830438735391034e-06,1.0
09_bfs,09_bfs_cand003,1000000,5,,0.0,,0.0,,0.0,0.0
09_bfs,09_bfs_cand004,10000,5,0.00874854065477848,0.001128323757154988,1.1807796027925281e-07,1.2690828426306826e-08,1.1567781822929781e-07,1.3304034546887301e-08,1.0
09_bfs,09_bfs_cand004,100000,5,0.05633837450295687,0.0028072783454381493,6.764340731832716e-07,3.445550473522928e-08,6.870859875952204e-07,3.5112718998063164e-08,1.0
09_bfs,09_bfs_cand004,1000000,5,0.3445517085492611,0.008237139898037366,4.0666403041945565e-06,5.629941831087102e-08,4.045511701235672e-06,5.751907621219818e-08,1.0
09_bfs,09_bfs_cand005,10000,5,0.007699416019022465,0.0021161142610342217,1.0318275954988268e-07,2.697642184904129e-08,1.0186540614018837e-07,2.694651556217839e-08,1.0
09_bfs,09_bfs_cand005,100000,5,0.049516791477799416,0.00540843778135449,5.940347909927368e-07,6.577397953089011e-08,6.033340211302042e-07,6.683483922462798e-08,1.0
09_bfs,09_bfs_cand005,1000000,5,0.3456462500616908,0.014886648926488333,3.8404257761107555e-06,8.427151118852627e-07,3.704821810615063e-06,2.059158492105424e-06,1.0
09_bfs,09_bfs_cand006,10000,5,0.008620250038802624,0.0015168040571744996,1.1889421277576024e-07,1.888535820077149e-08,1.1536865513076386e-07,5.441482464576948e-08,1.0
09_bfs,09_bfs_cand006,100000,5,0.05371779203414917,0.003613844483102057,6.451631585756938e-07,4.2980216645787846e-08,6.550468975171447e-07,4.374291703665574e-08,1.0
09_bfs,09_bfs_cand006,1000000,5,0.3290873747318983,0.007701692792368847,3.6974155240588725e-06,2.098571331910393e-07,3.669019265936812e-06,2.1381306865026642e-07,1.0
09_bfs,09_bfs_cand007,10000,5,0.006069582886993885,0.0013543847413734686,8.480019039577909e-08,1.7542500458144904e-08,8.238019189039866e-08,1.756883445121731e-08,1.0
09_bfs,09_bfs_cand007,100000,5,0.05594816617667675,0.00291612086442507,6.708835562070211e-07,3.3513739997112354e-08,6.346300422171751e-07,3.707969796712899e-07,1.0
09_bfs,09_bfs_cand007,1000000,5,0.33615925069898367,0.009397755269048309,3.66483297612932e-06,7.924907883007085e-08,3.6749894414807366e-06,6.391169812837969e-08,1.0
09_bfs,09_bfs_cand008,10000,5,0.008949791081249714,0.0012683949678695802,1.166171497768826e-07,1.4233459134046815e-08,1.0914249697824319e-07,5.252839986258671e-08,1.0
09_bfs,09_bfs_cand008,100000,5,0.05506387539207935,0.0021723181673333784,6.596333450741239e-07,2.5182311773490142e-08,6.548472171376148e-07,2.9213889154720157e-07,1.0
09_bfs,09_bfs_cand008,1000000,5,0.332070792093873,0.01044574417666002,3.7483834558063087e-06,1.080197942947014e-07,3.721028073685368e-06,1.10569109145591e-07,1.0
09_bfs,09_bfs_cand009,10000,5,0.007276374846696854,0.0015535721139048068,9.884817732705011e-08,1.9928756675865943e-08,9.67668613617619e-08,2.0037528869520063e-08,1.0
09_bfs,09_bfs_cand009,100000,5,0.05829124990850687,0.0046720726540203,6.986642877260845e-07,5.5463041416199335e-08,6.315260035072764e-07,3.009585636284311e-07,1.0
09_bfs,09_bfs_cand009,1000000,5,0.3408025000244379,0.004155375910508903,3.919728928142124e-06,4.540045478156037e-08,3.895524417029818e-06,4.594971169403463e-08,1.0
09_bfs,09_bfs_cand010,10000,5,0.006357790902256966,0.0021827863811304886,8.803423908021716e-08,2.8003160373782167e-08,8.598304331252973e-08,2.7777173876401396e-08,1.0
09_bfs,09_bfs_cand010,100000,5,0.046386332251131535,0.004946792962249868,5.572471353742812e-07,5.9305896001156844e-08,5.653705357333024e-07,6.038902890627661e-08,1.0
09_bfs,09_bfs_cand010,1000000,5,0.32153333257883787,0.008248367461536382,3.7031518088446723e-06,1.452941295176096e-07,3.67629158701102e-06,1.4861234090125007e-07,1.0
09_bfs,09_bfs_cand011,10000,5,0.008312207646667957,0.0011917355265334537,1.1535336573918662e-07,1.7094131929587885e-08,1.1278730964511633e-07,1.6446940229320997e-08,1.0
09_bfs,09_bfs_cand011,100000,5,0.050633832812309265,0.004852668823100448,6.081897351476881e-07,5.751358830370741e-08,5.408302116642395e-07,3.213600618388305e-07,1.0
09_bfs,09_bfs_cand011,1000000,5,0.3311227494850755,0.005664815928032628,3.7955009275012546e-06,4.0553263147740665e-08,3.7690234341611462e-06,4.412384364411233e-08,1.0
09_bfs,09_bfs_cand012,10000,5,0.007474791258573532,0.0013719356835604924,1.0169098774592082e-07,1.689039132731438e-08,9.40103181714813e-08,4.439865915355055e-08,1.0
09_bfs,09_bfs_cand012,100000,5,0.05529745761305094,0.004153227527092731,6.64367609553867e-07,5.051615517651384e-08,6.744066717316708e-07,5.134779065222131e-08,1.0
09_bfs,09_bfs_cand012,1000000,5,0.33756808284670115,0.0032005738120235556,3.900794684886933e-06,9.057510841542116e-08,3.877677481967211e-06,1.014363145129459e-07,1.0
09_bfs,09_bfs_cand013,10000,5,0.00497420784085989,0.0017911905224932162,7.002039088143244e-08,2.3760771368670617e-08,6.749420262227457e-08,3.2404678965343275e-08,1.0
09_bfs,09_bfs_cand013,100000,5,0.04876858368515968,0.0026683026932165545,5.863113535775079e-07,3.1935622698015275e-08,5.952355008949837e-07,3.242272255089533e-08,1.0
09_bfs,09_bfs_cand013,1000000,5,0.32051716558635235,0.005942635991430465,3.70133916536967e-06,8.003280532196042e-08,3.649324467312793e-06,1.6283299372373158e-06,1.0
09_bfs,09_bfs_cand014,10000,5,0.009168583899736404,0.0014883951869019204,1.2544675005806818e-07,1.7833019075733214e-08,1.2275928536405166e-07,5.600656305230557e-08,1.0
09_bfs,09_bfs_cand014,100000,5,0.05067841615527868,0.005845342367530348,6.090819835662842e-07,7.018469994482787e-08,6.009355905418594e-07,2.9020755392646015e-07,1.0
09_bfs,09_bfs_cand014,1000000,5,0.3431368749588728,0.006334592797624969,3.852900365988414e-06,1.356677916738498e-07,3.827899449984729e-06,1.3340890426596254e-07,1.0
09_bfs,09_bfs_cand015,10000,5,0.010579708963632584,0.0016631611571768928,1.4102872875001697e-07,1.984166363547582e-08,1.3880496110270422e-07,2.018176786428772e-08,0.0
09_bfs,09_bfs_cand015,100000,5,0.056961582973599434,0.006001284425149132,6.796118285920886e-07,7.230299890925639e-08,6.909555020938317e-07,7.361551725584627e-08,0.0
09_bfs,09_bfs_cand015,1000000,5,0.36934033315628767,0.005938662944932952,4.366553988721636e-06,6.989816710723904e-07,4.1443410021464034e-06,2.8110264509446373e-06,0.0
09_bfs,09_bfs_cand016,10000,5,0.009070499800145626,0.0014100891219331502,1.2523565027448867e-07,1.9631496492954426e-08,1.2180484135647615e-07,1.8813260314139005e-08,1.0
09_bfs,09_bfs_cand016,100000,5,0.05644020810723305,0.0015344897708499156,6.761272748311362e-07,1.7432758747420457e-08,6.848504420652986e-07,3.078148783381072e-07,1.0
09_bfs,09_bfs_cand016,1000000,5,0.33911633398383856,0.0022343059850654322,3.8463506433698865e-06,1.4642637516471845e-07,3.665142113477488e-06,1.6883600523887574e-06,1.0
10_csv_etl,10_csv_etl_cand000,10000,5,2.5250017642974854e-05,4.876914275562639e-06,6.918443573845759e-09,1.4043474341615847e-09,4.9628679742415755e-09,8.976626333917788e-10,0.0
10_csv_etl,10_csv_etl_cand000,100000,5,3.12095507979393e-05,7.2565973169017395e-06,8.334219455718994e-09,2.3565166325270907e-09,6.76991123110056e-09,1.6617352289511138e-09,0.0
10_csv_etl,10_csv_etl_cand000,1000000,5,5.516689270734787e-05,1.9524282178450072e-05,1.4332267973158095e-08,3.1916949415163907e-09,1.0661769141753515e-08,1.986143299019052e-09,0.0
10_csv_etl,10_csv_etl_cand001,10000,5,4.4082291424274445e-05,1.842404383751007e-05,1.2868642807006836e-08,4.370243624185893e-09,9.11249913573265e-09,3.33534681645249e-09,0.0
10_csv_etl,10_csv_etl_cand001,100000,5,2.9041431844234467e-05,3.451373752112149e-06,1.0932154125637478e-08,2.0250431061924883e-09,8.061170290410518e-09,1.2538811489988012e-09,0.0
10_csv_etl,10_csv_etl_cand001,1000000,5,4.045851528644562e-05,3.7760175807028148e-06,1.4233754740820991e-08,1.3095439141405064e-09,1.0345364242295424e-08,9.127234600322701e-10,0.0
10_csv_etl,10_csv_etl_cand002,10000,5,0.02035191748291254,0.0034008937417136713,2.5398400094774035e-07,3.8047493456968536e-08,2.5621022616426146e-07,3.9648169575777677e-08,1.0
10_csv_etl,10_csv_etl_cand002,100000,5,0.11610499955713749,0.007777709651003222,1.4232150382465788e-06,8.085953245428488e-07,1.4488810715640586e-06,8.234273602455552e-07,1.0
10_csv_etl,10_csv_etl_cand002,1000000,5,0.6311979163438082,0.007146668165889142,7.4564215209749015e-06,6.469219920569356e-08,7.585934203947088e-06,8.253000362032913e-08,1.0
10_csv_etl,10_csv_etl_cand003,10000,5,5.450006574392319e-05,2.4032157254344206e-05,1.4546182420518664e-08,3.3749295286027458e-09,1.0805828687051933e-08,2.7593157342805895e-09,0.0
10_csv_etl,10_csv_etl_cand003,100000,5,3.72081995010376e-05,4.280591448163626e-06,1.2998117340935603e-08,1.7214240690692e-09,9.435575366020203e-09,1.3391359575758008e-09,0.0
10_csv_etl,10_csv_etl_cand003,1000000,5,3.145821392536163e-05,7.474042391849593e-06,9.95265112982856e-09,3.9101806246658124e-09,7.256126062075297e-09,2.319078787026537e-09,0.0
10_csv_etl,10_csv_etl_cand004,10000,5,0.025705416686832905,0.0030249094960098396,3.142881724569533e-07,3.639451800930603e-08,3.1826984542955955e-07,3.687798563092295e-08,1.0
10_csv_etl,10_csv_etl_cand004,100000,5,0.12933254055678844,0.004344394235575061,1.5657833880848354e-06,6.917085823428663e-07,1.5941077352906269e-06,7.044805158879072e-07,1.0
10_csv_etl,10_csv_etl_cand004,1000000,5,0.7718564998358488,0.007321039170867934,9.05381076865726e-06,1.0121815488510372e-07,9.22196185659071e-06,1.0310277163728972e-07,1.0
10_csv_etl,10_csv_etl_cand005,10000,5,0.021054125390946865,0.0015186428035877289,2.632301714685228e-07,1.8507214264208387e-08,2.6454759905884666e-07,1.8944804752200183e-08,1.0
10_csv_etl,10_csv_etl_cand005,100000,5,0.11443704180419445,0.001807732418873213,1.3798354400528802e-06,7.526736844923806e-07,2.116026102689405e-06,7.008591234512082e-07,1.0
10_csv_etl,10_csv_etl_cand005,1000000,5,0.6453817924484611,0.007155010746005697,7.553986211617788e-06,7.992056081253765e-08,7.653517447443308e-06,8.689150616005752e-08,1.0
10_csv_etl,10_csv_etl_cand006,10000,5,5.120784044265747e-05,7.70060038758506e-06,1.3459722201029461e-08,3.0587267429088768e-09,9.822829481959345e-09,1.8850623728169538e-09,0.0
10_csv_etl,10_csv_etl_cand006,100000,5,5.383417010307312e-05,1.8812630913203096e-05,1.4357599947187635e-08,2.824663126205973e-09,1.0149059144159157e-08,2.0274264397165097e-09,0.0
10_csv_etl,10_csv_etl_cand006,1000000,5,4.141777753829956e-05,1.0477637392903443e-05,1.0355148050520157e-08,2.1373981136869232e-09,7.68757576396068e-09,1.516177468324063e-09,0.0
10_csv_etl,10_csv_etl_cand007,10000,5,0.026164332404732704,0.0022193648638043377,3.160923719406128e-07,2.635293997604224e-08,3.2049780053794385e-07,2.673691832252989e-08,1.0
10_csv_etl,10_csv_etl_cand007,100000,5,0.12743433378636837,0.0018343415760570002,1.4988929033279419e-06,2.2963666976430305e-08,1.5361038414706785e-06,3.602691577740508e-07,1.0
10_csv_etl,10_csv_etl_cand007,1000000,5,0.763154917396605,0.0056518923891925536,9.01199049419827e-06,6.627227075901402e-08,9.178441041688126e-06,6.753163396947573e-08,1.0
10_csv_etl,10_csv_etl_cand008,10000,5,0.09267716575413942,0.0016166291399168627,1.1013413468996684e-06,1.8862095195073753e-08,1.1212278329357504e-06,1.9300246813712573e-08,0.0
10_csv_etl,10_csv_etl_cand008,100000,5,0.7619267906993628,0.005735870026678356,8.99855891863505e-06,3.248217750501306e-08,9.157764305567246e-06,2.0011252041312848e-08,0.0
10_csv_etl,10_csv_etl_cand008,1000000,5,8.927613291889429,0.030457366776013642,0.00010531711065106922,3.658502596839129e-07,0.00010720184190801732,3.406620350539322e-07,0.0
10_csv_etl,10_csv_etl_cand009,10000,5,0.022187458351254463,0.0012342976215317617,2.7118441131379874e-07,1.61070450465958e-08,2.747463683332007e-07,1.6017545240517274e-08,1.0
10_csv_etl,10_csv_etl_cand009,100000,5,0.11628154199570417,0.003984307052115748,1.3830779327286615e-06,6.234396779470314e-07,1.4080825082605086e-06,6.348298037619792e-07,1.0
10_csv_etl,10_csv_etl_cand009,1000000,5,0.6364122498780489,0.006152811078544395,7.516061431831786e-06,7.280316110229067e-08,7.654890980967384e-06,7.419055793919648e-08,1.0
10_csv_etl,10_csv_etl_cand010,10000,5,0.024205000139772892,0.0012008513023272717,2.9344840182198417e-07,1.4427681228846166e-08,2.977867363666495e-07,1.4695736381859597e-08,1.0
10_csv_etl,10_csv_etl_cand010,100000,5,0.12778399977833033,0.008026949860373936,2.9679785172144574e-06,9.018460306564541e-07,3.0222384642452006e-06,9.161691847261399e-07,1.0
10_csv_etl,10_csv_etl_cand010,1000000,5,0.7627735417336226,0.004735855414177639,9.004176987542047e-06,7.058901324493373e-08,9.171174140079815e-06,5.670730133855647e-08,1.0
10_csv_etl,10_csv_etl_cand011,10000,5,0.022126249969005585,0.0018691519512594036,2.695913116137187e-07,2.289659157984272e-08,2.7309254383593796e-07,2.271319630555345e-08,1.0
10_csv_etl,10_csv_etl_cand011,100000,5,0.11598387453705072,0.00541390527675268,1.3769982589615719e-06,6.513425314960936e-07,1.4019815207545958e-06,6.632946198462521e-07,1.0
10_csv_etl,10_csv_etl_cand011,1000000,5,0.6380144581198692,0.006492054046482484,7.537509169843463e-06,7.797105962471742e-08,7.637950110879044e-06,1.0428548738171049e-07,1.0
10_csv_etl,10_csv_etl_cand012,10000,5,0.013732042163610458,0.003362140957524159,1.6987903250588314e-07,4.0605394585945965e-08,1.7078250379612052e-07,4.1088921124646824e-08,1.0
10_csv_etl,10_csv_etl_cand012,100000,5,0.09229891560971737,0.00729414000749088,1.0965564184718663e-06,8.585829369863701e-08,1.1164675135379036e-06,8.761646835305998e-08,1.0
10_csv_etl,10_csv_etl_cand012,1000000,5,0.42820383328944445,0.006730878370653641,5.012150605519613e-06,9.98382903320015e-08,5.104187995374202e-06,9.84540104769866e-08,1.0
10_csv_etl,10_csv_etl_cand013,10000,5,0.022891374304890633,0.001592034550539808,2.865693635410733e-07,1.8883041098324935e-08,2.863971741552155e-07,1.9038741881951132e-08,1.0
10_csv_etl,10_csv_etl_cand013,100000,5,0.11488829087466002,0.008224509294431455,1.3847779896524218e-06,6.139664882952552e-07,1.4098909618462126e-06,6.254915280320141e-07,1.0
10_csv_etl,10_csv_etl_cand013,1000000,5,0.7009838335216045,0.006983895489860731,8.278627031379277e-06,8.241085017546354e-08,8.432098518869776e-06,8.384805803169674e-08,1.0
10_csv_etl,10_csv_etl_cand014,10000,5,4.045851528644562e-05,4.058942299024279e-06,1.5050007237328422e-08,1.5891171446982956e-09,1.0596022463341552e-08,1.3858477335708007e-09,0.0
10_csv_etl,10_csv_etl_cand014,100000,5,4.1083432734012604e-05,1.9208683720865016e-05,1.3870663113064237e-08,4.735666583800552e-09,1.0095545879999798e-08,3.5179754700257085e-09,0.0
10_csv_etl,10_csv_etl_cand014,1000000,5,2.854224294424057e-05,7.051627820358548e-06,1.171181599299113e-08,2.419011037627767e-09,8.055370511114598e-09,1.8537474166234322e-09,0.0
10_csv_etl,10_csv_etl_cand015,10000,5,0.023588750511407852,0.0036883749195343756,2.871576282713149e-07,4.3558096261074516e-08,2.9032360889216263e-07,4.45209940531656e-08,1.0
10_csv_etl,10_csv_etl_cand015,100000,5,0.1162469582632184,0.0037498212405113487,1.3787489798333912e-06,6.458040064139679e-07,1.403665136467914e-06,6.576215130335687e-07,1.0
10_csv_etl,10_csv_etl_cand015,1000000,5,0.6311969170346856,0.00463477323214056,7.429555555184683e-06,5.2477695203113955e-08,7.540820573154589e-06,5.550706508744402e-08,1.0
10_csv_etl,10_csv_etl_cand016,10000,5,4.00422140955925e-05,1.1353382721481817e-05,1.422812541325887e-08,3.956289548365884e-09,1.0074929724633693e-08,2.5076497521364678e-09,0.0
10_csv_etl,10_csv_etl_cand016,100000,5,4.529207944869995e-05,2.258894806873634e-05,1.44589278433058e-08,4.289524977845949e-09,1.0209719130893548e-08,2.846229669450392e-09,0.0
10_csv_etl,10_csv_etl_cand016,1000000,5,4.2708590626716614e-05,5.5917294776752355e-06,1.5097856521606447e-08,1.5858446206653484e-09,1.0006140539050102e-08,1.0573356337218648e-09,0.0
